date,month,province,health_zone,zone_id,confirmed_cases,confirmed_deaths,lat,lon,source,source_date,notes
2026-05-14,2026-05,Ituri,Rwampara,vPxN2nZnBXK,8,,1.5710652340000308,30.08327315923981,SitRep MVE N°001/2026,2026-05-14,Early SitRep: total confirmed cases are reported; health-zone allocation is interpreted from the available Rwampara-positive sample description.
2026-05-17,2026-05,Ituri,Rwampara,vPxN2nZnBXK,13,,1.5710652340000308,30.08327315923981,SitRep MVE N°002/2026,2026-05-17,Early SitRep: all 13 confirmed cases are shown under Rwampara in the health-zone table.
2026-05-18,2026-05,Ituri,Mongbwalu,nv8tx681Gjd,1,0,2.120204140000084,29.46395014319073,SitRep MVE N°004/2026,2026-05-18,Cumulative confirmed cases by health zone from the N4 table.
2026-05-18,2026-05,Ituri,Rwampara,vPxN2nZnBXK,19,4,1.5710652340000308,30.08327315923981,SitRep MVE N°004/2026,2026-05-18,Cumulative confirmed cases by health zone from the N4 table.
2026-05-18,2026-05,Ituri,Bunia,GPi6i83o7l6,6,0,1.607713140500067,30.282078091482003,SitRep MVE N°004/2026,2026-05-18,Cumulative confirmed cases by health zone from the N4 table.
2026-05-18,2026-05,Ituri,Nyankunde,mGTaa8TFifO,4,0,1.4866449679154434,29.933917392135683,SitRep MVE N°004/2026,2026-05-18,Cumulative confirmed cases by health zone from the N4 table.
2026-05-18,2026-05,Nord-Kivu,Goma,t8tjGKVhkl3,1,0,-1.6528676989999551,29.17826328304752,SitRep MVE N°004/2026,2026-05-18,Cumulative confirmed cases by health zone from the N4 table.
2026-05-18,2026-05,Nord-Kivu,Katwa,woJBeEpIZdy,1,0,0.1198993135112445,29.32416416638681,SitRep MVE N°004/2026,2026-05-18,Cumulative confirmed cases by health zone from the N4 table.
2026-05-18,2026-05,Nord-Kivu,Butembo,foR0DRLqtdJ,1,0,0.1465342500003714,29.251277502423125,SitRep MVE N°004/2026,2026-05-18,Cumulative confirmed cases by health zone from the N4 table.
2026-05-19,2026-05,Ituri,Mongbwalu,nv8tx681Gjd,13,0,2.120204140000084,29.46395014319073,SitRep MVE N°005/MVE_17/2026,2026-05-19,Cumulative confirmed cases by health zone from the N5 table.
2026-05-19,2026-05,Ituri,Rwampara,vPxN2nZnBXK,25,4,1.5710652340000308,30.08327315923981,SitRep MVE N°005/MVE_17/2026,2026-05-19,Cumulative confirmed cases by health zone from the N5 table.
2026-05-19,2026-05,Ituri,Bunia,GPi6i83o7l6,6,0,1.607713140500067,30.282078091482003,SitRep MVE N°005/MVE_17/2026,2026-05-19,Cumulative confirmed cases by health zone from the N5 table.
2026-05-19,2026-05,Ituri,Nyankunde,mGTaa8TFifO,4,0,1.4866449679154434,29.933917392135683,SitRep MVE N°005/MVE_17/2026,2026-05-19,Cumulative confirmed cases by health zone from the N5 table.
2026-05-19,2026-05,Nord-Kivu,Goma,t8tjGKVhkl3,1,0,-1.6528676989999551,29.17826328304752,SitRep MVE N°005/MVE_17/2026,2026-05-19,Cumulative confirmed cases by health zone from the N5 table.
2026-05-19,2026-05,Nord-Kivu,Katwa,woJBeEpIZdy,1,0,0.1198993135112445,29.32416416638681,SitRep MVE N°005/MVE_17/2026,2026-05-19,Cumulative confirmed cases by health zone from the N5 table.
2026-05-19,2026-05,Nord-Kivu,Butembo,foR0DRLqtdJ,1,0,0.1465342500003714,29.251277502423125,SitRep MVE N°005/MVE_17/2026,2026-05-19,Cumulative confirmed cases by health zone from the N5 table.
2026-05-20,2026-05,Ituri,Mongbwalu,nv8tx681Gjd,13,0,2.120204140000084,29.46395014319073,SitRep MVE N°006/MVB_17/2026,2026-05-20,N6 table totals do not fully reconcile with the SitRep headline total; residual confirmed cases are kept as unventilated/unknown-health-zone.
2026-05-20,2026-05,Ituri,Rwampara,vPxN2nZnBXK,24,4,1.5710652340000308,30.08327315923981,SitRep MVE N°006/MVB_17/2026,2026-05-20,N6 table totals do not fully reconcile with the SitRep headline total; residual confirmed cases are kept as unventilated/unknown-health-zone.
2026-05-20,2026-05,Ituri,Bunia,GPi6i83o7l6,11,0,1.607713140500067,30.282078091482003,SitRep MVE N°006/MVB_17/2026,2026-05-20,N6 table totals do not fully reconcile with the SitRep headline total; residual confirmed cases are kept as unventilated/unknown-health-zone.
2026-05-20,2026-05,Ituri,Nyankunde,mGTaa8TFifO,5,0,1.4866449679154434,29.933917392135683,SitRep MVE N°006/MVB_17/2026,2026-05-20,N6 table totals do not fully reconcile with the SitRep headline total; residual confirmed cases are kept as unventilated/unknown-health-zone.
2026-05-20,2026-05,Ituri,Bambu,Uc3GqWS8C0w,1,0,1.8633970955000336,30.20627592724413,SitRep MVE N°006/MVB_17/2026,2026-05-20,N6 table totals do not fully reconcile with the SitRep headline total; residual confirmed cases are kept as unventilated/unknown-health-zone.
2026-05-20,2026-05,Nord-Kivu,Goma,t8tjGKVhkl3,1,0,-1.6528676989999551,29.17826328304752,SitRep MVE N°006/MVB_17/2026,2026-05-20,N6 table totals do not fully reconcile with the SitRep headline total; residual confirmed cases are kept as unventilated/unknown-health-zone.
2026-05-20,2026-05,Nord-Kivu,Katwa,woJBeEpIZdy,2,0,0.1198993135112445,29.32416416638681,SitRep MVE N°006/MVB_17/2026,2026-05-20,N6 table totals do not fully reconcile with the SitRep headline total; residual confirmed cases are kept as unventilated/unknown-health-zone.
2026-05-20,2026-05,Nord-Kivu,Butembo,foR0DRLqtdJ,1,0,0.1465342500003714,29.251277502423125,SitRep MVE N°006/MVB_17/2026,2026-05-20,N6 table totals do not fully reconcile with the SitRep headline total; residual confirmed cases are kept as unventilated/unknown-health-zone.
2026-05-21,2026-05,Ituri,Mongbwalu,nv8tx681Gjd,14,,2.120204140000084,29.46395014319073,SitRep MVE N°007/MVB_17/2026,2026-05-21,Cumulative allocation reconstructed from N6 plus N7 daily increment table because the N7 page provides daily increments and total.
2026-05-21,2026-05,Ituri,Rwampara,vPxN2nZnBXK,31,,1.5710652340000308,30.08327315923981,SitRep MVE N°007/MVB_17/2026,2026-05-21,Cumulative allocation reconstructed from N6 plus N7 daily increment table because the N7 page provides daily increments and total.
2026-05-21,2026-05,Ituri,Bunia,GPi6i83o7l6,17,,1.607713140500067,30.282078091482003,SitRep MVE N°007/MVB_17/2026,2026-05-21,Cumulative allocation reconstructed from N6 plus N7 daily increment table because the N7 page provides daily increments and total.
2026-05-21,2026-05,Ituri,Nyankunde,mGTaa8TFifO,7,,1.4866449679154434,29.933917392135683,SitRep MVE N°007/MVB_17/2026,2026-05-21,Cumulative allocation reconstructed from N6 plus N7 daily increment table because the N7 page provides daily increments and total.
2026-05-21,2026-05,Ituri,Bambu,Uc3GqWS8C0w,1,,1.8633970955000336,30.20627592724413,SitRep MVE N°007/MVB_17/2026,2026-05-21,Cumulative allocation reconstructed from N6 plus N7 daily increment table because the N7 page provides daily increments and total.
2026-05-21,2026-05,Ituri,Nizi,TCE5waEW7Fi,1,,1.7491092545000129,30.29386589242562,SitRep MVE N°007/MVB_17/2026,2026-05-21,Cumulative allocation reconstructed from N6 plus N7 daily increment table because the N7 page provides daily increments and total.
2026-05-21,2026-05,Ituri,Kilo,sbyWSsdZ3tj,1,,1.7598275375000298,30.080701985660504,SitRep MVE N°007/MVB_17/2026,2026-05-21,Cumulative allocation reconstructed from N6 plus N7 daily increment table because the N7 page provides daily increments and total.
2026-05-21,2026-05,Nord-Kivu,Goma,t8tjGKVhkl3,1,,-1.6528676989999551,29.17826328304752,SitRep MVE N°007/MVB_17/2026,2026-05-21,Cumulative allocation reconstructed from N6 plus N7 daily increment table because the N7 page provides daily increments and total.
2026-05-21,2026-05,Nord-Kivu,Katwa,woJBeEpIZdy,2,,0.1198993135112445,29.32416416638681,SitRep MVE N°007/MVB_17/2026,2026-05-21,Cumulative allocation reconstructed from N6 plus N7 daily increment table because the N7 page provides daily increments and total.
2026-05-21,2026-05,Nord-Kivu,Butembo,foR0DRLqtdJ,1,,0.1465342500003714,29.251277502423125,SitRep MVE N°007/MVB_17/2026,2026-05-21,Cumulative allocation reconstructed from N6 plus N7 daily increment table because the N7 page provides daily increments and total.
2026-05-21,2026-05,Sud-Kivu,Miti-Murhesa,cXkCT53xxfk,1,,-2.39067,28.72098,SitRep MVE N°007/MVB_17/2026,2026-05-21,Cumulative allocation reconstructed from N6 plus N7 daily increment table because the N7 page provides daily increments and total.
2026-05-22,2026-05,Ituri,Mongbwalu,nv8tx681Gjd,22,,2.120204140000084,29.46395014319073,SitRep N°008/MVB_23/2026,2026-05-22,Health-zone allocation partially reconstructed; headline total is preserved in report_summary.
2026-05-22,2026-05,Ituri,Rwampara,vPxN2nZnBXK,31,,1.5710652340000308,30.08327315923981,SitRep N°008/MVB_23/2026,2026-05-22,Health-zone allocation partially reconstructed; headline total is preserved in report_summary.
2026-05-22,2026-05,Ituri,Bunia,GPi6i83o7l6,17,,1.607713140500067,30.282078091482003,SitRep N°008/MVB_23/2026,2026-05-22,Health-zone allocation partially reconstructed; headline total is preserved in report_summary.
2026-05-22,2026-05,Ituri,Nyankunde,mGTaa8TFifO,7,,1.4866449679154434,29.933917392135683,SitRep N°008/MVB_23/2026,2026-05-22,Health-zone allocation partially reconstructed; headline total is preserved in report_summary.
2026-05-22,2026-05,Ituri,Bambu,Uc3GqWS8C0w,1,,1.8633970955000336,30.20627592724413,SitRep N°008/MVB_23/2026,2026-05-22,Health-zone allocation partially reconstructed; headline total is preserved in report_summary.
2026-05-22,2026-05,Ituri,Nizi,TCE5waEW7Fi,1,,1.7491092545000129,30.29386589242562,SitRep N°008/MVB_23/2026,2026-05-22,Health-zone allocation partially reconstructed; headline total is preserved in report_summary.
2026-05-22,2026-05,Ituri,Kilo,sbyWSsdZ3tj,1,,1.7598275375000298,30.080701985660504,SitRep N°008/MVB_23/2026,2026-05-22,Health-zone allocation partially reconstructed; headline total is preserved in report_summary.
2026-05-22,2026-05,Nord-Kivu,Goma,t8tjGKVhkl3,1,,-1.6528676989999551,29.17826328304752,SitRep N°008/MVB_23/2026,2026-05-22,Health-zone allocation partially reconstructed; headline total is preserved in report_summary.
2026-05-22,2026-05,Nord-Kivu,Katwa,woJBeEpIZdy,2,,0.1198993135112445,29.32416416638681,SitRep N°008/MVB_23/2026,2026-05-22,Health-zone allocation partially reconstructed; headline total is preserved in report_summary.
2026-05-22,2026-05,Nord-Kivu,Butembo,foR0DRLqtdJ,1,,0.1465342500003714,29.251277502423125,SitRep N°008/MVB_23/2026,2026-05-22,Health-zone allocation partially reconstructed; headline total is preserved in report_summary.
2026-05-22,2026-05,Sud-Kivu,Miti-Murhesa,cXkCT53xxfk,1,,-2.39067,28.72098,SitRep N°008/MVB_23/2026,2026-05-22,Health-zone allocation partially reconstructed; headline total is preserved in report_summary.
2026-05-23,2026-05,Ituri,Mongbwalu,nv8tx681Gjd,31,,2.120204140000084,29.46395014319073,SitRep N°009/MVB_24/2026,2026-05-23,Health-zone allocation partially reconstructed from N9 daily-increment table and adjacent SitReps.
2026-05-23,2026-05,Ituri,Rwampara,vPxN2nZnBXK,31,,1.5710652340000308,30.08327315923981,SitRep N°009/MVB_24/2026,2026-05-23,Health-zone allocation partially reconstructed from N9 daily-increment table and adjacent SitReps.
2026-05-23,2026-05,Ituri,Bunia,GPi6i83o7l6,17,,1.607713140500067,30.282078091482003,SitRep N°009/MVB_24/2026,2026-05-23,Health-zone allocation partially reconstructed from N9 daily-increment table and adjacent SitReps.
2026-05-23,2026-05,Ituri,Nyankunde,mGTaa8TFifO,7,,1.4866449679154434,29.933917392135683,SitRep N°009/MVB_24/2026,2026-05-23,Health-zone allocation partially reconstructed from N9 daily-increment table and adjacent SitReps.
2026-05-23,2026-05,Ituri,Bambu,Uc3GqWS8C0w,1,,1.8633970955000336,30.20627592724413,SitRep N°009/MVB_24/2026,2026-05-23,Health-zone allocation partially reconstructed from N9 daily-increment table and adjacent SitReps.
2026-05-23,2026-05,Ituri,Nizi,TCE5waEW7Fi,1,,1.7491092545000129,30.29386589242562,SitRep N°009/MVB_24/2026,2026-05-23,Health-zone allocation partially reconstructed from N9 daily-increment table and adjacent SitReps.
2026-05-23,2026-05,Ituri,Kilo,sbyWSsdZ3tj,1,,1.7598275375000298,30.080701985660504,SitRep N°009/MVB_24/2026,2026-05-23,Health-zone allocation partially reconstructed from N9 daily-increment table and adjacent SitReps.
2026-05-23,2026-05,Nord-Kivu,Goma,t8tjGKVhkl3,1,,-1.6528676989999551,29.17826328304752,SitRep N°009/MVB_24/2026,2026-05-23,Health-zone allocation partially reconstructed from N9 daily-increment table and adjacent SitReps.
2026-05-23,2026-05,Nord-Kivu,Katwa,woJBeEpIZdy,3,,0.1198993135112445,29.32416416638681,SitRep N°009/MVB_24/2026,2026-05-23,Health-zone allocation partially reconstructed from N9 daily-increment table and adjacent SitReps.
2026-05-23,2026-05,Nord-Kivu,Butembo,foR0DRLqtdJ,1,,0.1465342500003714,29.251277502423125,SitRep N°009/MVB_24/2026,2026-05-23,Health-zone allocation partially reconstructed from N9 daily-increment table and adjacent SitReps.
2026-05-23,2026-05,Sud-Kivu,Miti-Murhesa,cXkCT53xxfk,1,,-2.39067,28.72098,SitRep N°009/MVB_24/2026,2026-05-23,Health-zone allocation partially reconstructed from N9 daily-increment table and adjacent SitReps.
2026-05-24,2026-05,Ituri,Mongbwalu,nv8tx681Gjd,31,,2.120204140000084,29.46395014319073,SitRep N°010/MVB_25/2026,2026-05-24,Health-zone allocation partially reconstructed; N10 reports four new Nord-Kivu confirmations.
2026-05-24,2026-05,Ituri,Rwampara,vPxN2nZnBXK,31,,1.5710652340000308,30.08327315923981,SitRep N°010/MVB_25/2026,2026-05-24,Health-zone allocation partially reconstructed; N10 reports four new Nord-Kivu confirmations.
2026-05-24,2026-05,Ituri,Bunia,GPi6i83o7l6,17,,1.607713140500067,30.282078091482003,SitRep N°010/MVB_25/2026,2026-05-24,Health-zone allocation partially reconstructed; N10 reports four new Nord-Kivu confirmations.
2026-05-24,2026-05,Ituri,Nyankunde,mGTaa8TFifO,7,,1.4866449679154434,29.933917392135683,SitRep N°010/MVB_25/2026,2026-05-24,Health-zone allocation partially reconstructed; N10 reports four new Nord-Kivu confirmations.
2026-05-24,2026-05,Ituri,Bambu,Uc3GqWS8C0w,1,,1.8633970955000336,30.20627592724413,SitRep N°010/MVB_25/2026,2026-05-24,Health-zone allocation partially reconstructed; N10 reports four new Nord-Kivu confirmations.
2026-05-24,2026-05,Ituri,Nizi,TCE5waEW7Fi,1,,1.7491092545000129,30.29386589242562,SitRep N°010/MVB_25/2026,2026-05-24,Health-zone allocation partially reconstructed; N10 reports four new Nord-Kivu confirmations.
2026-05-24,2026-05,Ituri,Kilo,sbyWSsdZ3tj,1,,1.7598275375000298,30.080701985660504,SitRep N°010/MVB_25/2026,2026-05-24,Health-zone allocation partially reconstructed; N10 reports four new Nord-Kivu confirmations.
2026-05-24,2026-05,Nord-Kivu,Goma,t8tjGKVhkl3,1,,-1.6528676989999551,29.17826328304752,SitRep N°010/MVB_25/2026,2026-05-24,Health-zone allocation partially reconstructed; N10 reports four new Nord-Kivu confirmations.
2026-05-24,2026-05,Nord-Kivu,Katwa,woJBeEpIZdy,3,,0.1198993135112445,29.32416416638681,SitRep N°010/MVB_25/2026,2026-05-24,Health-zone allocation partially reconstructed; N10 reports four new Nord-Kivu confirmations.
2026-05-24,2026-05,Nord-Kivu,Butembo,foR0DRLqtdJ,3,,0.1465342500003714,29.251277502423125,SitRep N°010/MVB_25/2026,2026-05-24,Health-zone allocation partially reconstructed; N10 reports four new Nord-Kivu confirmations.
2026-05-24,2026-05,Nord-Kivu,Oicha,zOOAshOz4Cz,1,,0.7639879778753311,29.54704482375912,SitRep N°010/MVB_25/2026,2026-05-24,Health-zone allocation partially reconstructed; N10 reports four new Nord-Kivu confirmations.
2026-05-24,2026-05,Nord-Kivu,Kalunguta,XoJ3dLz68aj,1,,0.3266166500000906,29.34622252068664,SitRep N°010/MVB_25/2026,2026-05-24,Health-zone allocation partially reconstructed; N10 reports four new Nord-Kivu confirmations.
2026-05-24,2026-05,Sud-Kivu,Miti-Murhesa,cXkCT53xxfk,1,,-2.39067,28.72098,SitRep N°010/MVB_25/2026,2026-05-24,Health-zone allocation partially reconstructed; N10 reports four new Nord-Kivu confirmations.
2026-05-25,2026-05,Ituri,Aru,v8PqffapuVl,1,,2.859042986322321,30.833681049566664,SitRep N°011/MVB_26/2026,2026-05-25,Health-zone allocation partially reconstructed from affected-zone list and adjacent SitReps.
2026-05-25,2026-05,Ituri,Mongbwalu,nv8tx681Gjd,17,,2.120204140000084,29.46395014319073,SitRep N°011/MVB_26/2026,2026-05-25,Health-zone allocation partially reconstructed from affected-zone list and adjacent SitReps.
2026-05-25,2026-05,Ituri,Rwampara,vPxN2nZnBXK,28,,1.5710652340000308,30.08327315923981,SitRep N°011/MVB_26/2026,2026-05-25,Health-zone allocation partially reconstructed from affected-zone list and adjacent SitReps.
2026-05-25,2026-05,Ituri,Bunia,GPi6i83o7l6,31,,1.607713140500067,30.282078091482003,SitRep N°011/MVB_26/2026,2026-05-25,Health-zone allocation partially reconstructed from affected-zone list and adjacent SitReps.
2026-05-25,2026-05,Ituri,Nyankunde,mGTaa8TFifO,8,,1.4866449679154434,29.933917392135683,SitRep N°011/MVB_26/2026,2026-05-25,Health-zone allocation partially reconstructed from affected-zone list and adjacent SitReps.
2026-05-25,2026-05,Ituri,Nizi,TCE5waEW7Fi,2,,1.7491092545000129,30.29386589242562,SitRep N°011/MVB_26/2026,2026-05-25,Health-zone allocation partially reconstructed from affected-zone list and adjacent SitReps.
2026-05-25,2026-05,Ituri,Kilo,sbyWSsdZ3tj,1,,1.7598275375000298,30.080701985660504,SitRep N°011/MVB_26/2026,2026-05-25,Health-zone allocation partially reconstructed from affected-zone list and adjacent SitReps.
2026-05-25,2026-05,Nord-Kivu,Goma,t8tjGKVhkl3,1,,-1.6528676989999551,29.17826328304752,SitRep N°011/MVB_26/2026,2026-05-25,Health-zone allocation partially reconstructed from affected-zone list and adjacent SitReps.
2026-05-25,2026-05,Nord-Kivu,Katwa,woJBeEpIZdy,3,,0.1198993135112445,29.32416416638681,SitRep N°011/MVB_26/2026,2026-05-25,Health-zone allocation partially reconstructed from affected-zone list and adjacent SitReps.
2026-05-25,2026-05,Nord-Kivu,Butembo,foR0DRLqtdJ,5,,0.1465342500003714,29.251277502423125,SitRep N°011/MVB_26/2026,2026-05-25,Health-zone allocation partially reconstructed from affected-zone list and adjacent SitReps.
2026-05-25,2026-05,Nord-Kivu,Oicha,zOOAshOz4Cz,1,,0.7639879778753311,29.54704482375912,SitRep N°011/MVB_26/2026,2026-05-25,Health-zone allocation partially reconstructed from affected-zone list and adjacent SitReps.
2026-05-25,2026-05,Nord-Kivu,Kalunguta,XoJ3dLz68aj,1,,0.3266166500000906,29.34622252068664,SitRep N°011/MVB_26/2026,2026-05-25,Health-zone allocation partially reconstructed from affected-zone list and adjacent SitReps.
2026-05-25,2026-05,Sud-Kivu,Miti-Murhesa,cXkCT53xxfk,1,,-2.39067,28.72098,SitRep N°011/MVB_26/2026,2026-05-25,Health-zone allocation partially reconstructed from affected-zone list and adjacent SitReps.
2026-05-26,2026-05,Ituri,Aru,v8PqffapuVl,1,,2.859042986322321,30.833681049566664,SitRep N°012/MVB_26/2026,2026-05-26,Cumulative health-zone allocation reconstructed to match the N12 provincial totals where possible.
2026-05-26,2026-05,Ituri,Bunia,GPi6i83o7l6,37,,1.607713140500067,30.282078091482003,SitRep N°012/MVB_26/2026,2026-05-26,Cumulative health-zone allocation reconstructed to match the N12 provincial totals where possible.
2026-05-26,2026-05,Ituri,Kilo,sbyWSsdZ3tj,1,,1.7598275375000298,30.080701985660504,SitRep N°012/MVB_26/2026,2026-05-26,Cumulative health-zone allocation reconstructed to match the N12 provincial totals where possible.
2026-05-26,2026-05,Ituri,Mongbwalu,nv8tx681Gjd,20,,2.120204140000084,29.46395014319073,SitRep N°012/MVB_26/2026,2026-05-26,Cumulative health-zone allocation reconstructed to match the N12 provincial totals where possible.
2026-05-26,2026-05,Ituri,Nizi,TCE5waEW7Fi,2,,1.7491092545000129,30.29386589242562,SitRep N°012/MVB_26/2026,2026-05-26,Cumulative health-zone allocation reconstructed to match the N12 provincial totals where possible.
2026-05-26,2026-05,Ituri,Nyankunde,mGTaa8TFifO,10,,1.4866449679154434,29.933917392135683,SitRep N°012/MVB_26/2026,2026-05-26,Cumulative health-zone allocation reconstructed to match the N12 provincial totals where possible.
2026-05-26,2026-05,Ituri,Rwampara,vPxN2nZnBXK,33,,1.5710652340000308,30.08327315923981,SitRep N°012/MVB_26/2026,2026-05-26,Cumulative health-zone allocation reconstructed to match the N12 provincial totals where possible.
2026-05-26,2026-05,Nord-Kivu,Goma,t8tjGKVhkl3,1,,-1.6528676989999551,29.17826328304752,SitRep N°012/MVB_26/2026,2026-05-26,Cumulative health-zone allocation reconstructed to match the N12 provincial totals where possible.
2026-05-26,2026-05,Nord-Kivu,Katwa,woJBeEpIZdy,3,,0.1198993135112445,29.32416416638681,SitRep N°012/MVB_26/2026,2026-05-26,Cumulative health-zone allocation reconstructed to match the N12 provincial totals where possible.
2026-05-26,2026-05,Nord-Kivu,Butembo,foR0DRLqtdJ,5,,0.1465342500003714,29.251277502423125,SitRep N°012/MVB_26/2026,2026-05-26,Cumulative health-zone allocation reconstructed to match the N12 provincial totals where possible.
2026-05-26,2026-05,Nord-Kivu,Kalunguta,XoJ3dLz68aj,1,,0.3266166500000906,29.34622252068664,SitRep N°012/MVB_26/2026,2026-05-26,Cumulative health-zone allocation reconstructed to match the N12 provincial totals where possible.
2026-05-26,2026-05,Nord-Kivu,Oicha,zOOAshOz4Cz,0,,0.7639879778753311,29.54704482375912,SitRep N°012/MVB_26/2026,2026-05-26,Cumulative health-zone allocation reconstructed to match the N12 provincial totals where possible.
2026-05-26,2026-05,Sud-Kivu,Miti-Murhesa,cXkCT53xxfk,1,,-2.39067,28.72098,SitRep N°012/MVB_26/2026,2026-05-26,Cumulative health-zone allocation reconstructed to match the N12 provincial totals where possible.
2026-05-27,2026-05,Ituri,Aru,v8PqffapuVl,1,1,2.859042986322321,30.833681049566664,SitRep N°013/MVB_27/2026,2026-05-27,Cumulative confirmed cases by health zone from the N13 table; unassigned Ituri rows are stored separately.
2026-05-27,2026-05,Ituri,Bunia,GPi6i83o7l6,37,,1.607713140500067,30.282078091482003,SitRep N°013/MVB_27/2026,2026-05-27,Cumulative confirmed cases by health zone from the N13 table; unassigned Ituri rows are stored separately.
2026-05-27,2026-05,Ituri,Kilo,sbyWSsdZ3tj,1,,1.7598275375000298,30.080701985660504,SitRep N°013/MVB_27/2026,2026-05-27,Cumulative confirmed cases by health zone from the N13 table; unassigned Ituri rows are stored separately.
2026-05-27,2026-05,Ituri,Mongbwalu,nv8tx681Gjd,20,,2.120204140000084,29.46395014319073,SitRep N°013/MVB_27/2026,2026-05-27,Cumulative confirmed cases by health zone from the N13 table; unassigned Ituri rows are stored separately.
2026-05-27,2026-05,Ituri,Nizi,TCE5waEW7Fi,2,,1.7491092545000129,30.29386589242562,SitRep N°013/MVB_27/2026,2026-05-27,Cumulative confirmed cases by health zone from the N13 table; unassigned Ituri rows are stored separately.
2026-05-27,2026-05,Ituri,Nyankunde,mGTaa8TFifO,10,,1.4866449679154434,29.933917392135683,SitRep N°013/MVB_27/2026,2026-05-27,Cumulative confirmed cases by health zone from the N13 table; unassigned Ituri rows are stored separately.
2026-05-27,2026-05,Ituri,Rwampara,vPxN2nZnBXK,33,,1.5710652340000308,30.08327315923981,SitRep N°013/MVB_27/2026,2026-05-27,Cumulative confirmed cases by health zone from the N13 table; unassigned Ituri rows are stored separately.
2026-05-27,2026-05,Nord-Kivu,Goma,t8tjGKVhkl3,1,0,-1.6528676989999551,29.17826328304752,SitRep N°013/MVB_27/2026,2026-05-27,Cumulative confirmed cases by health zone from the N13 table; unassigned Ituri rows are stored separately.
2026-05-27,2026-05,Nord-Kivu,Katwa,woJBeEpIZdy,4,,0.1198993135112445,29.32416416638681,SitRep N°013/MVB_27/2026,2026-05-27,Cumulative confirmed cases by health zone from the N13 table; unassigned Ituri rows are stored separately.
2026-05-27,2026-05,Nord-Kivu,Butembo,foR0DRLqtdJ,5,,0.1465342500003714,29.251277502423125,SitRep N°013/MVB_27/2026,2026-05-27,Cumulative confirmed cases by health zone from the N13 table; unassigned Ituri rows are stored separately.
2026-05-27,2026-05,Nord-Kivu,Kalunguta,XoJ3dLz68aj,2,,0.3266166500000906,29.34622252068664,SitRep N°013/MVB_27/2026,2026-05-27,Cumulative confirmed cases by health zone from the N13 table; unassigned Ituri rows are stored separately.
2026-05-27,2026-05,Nord-Kivu,Oicha,zOOAshOz4Cz,2,,0.7639879778753311,29.54704482375912,SitRep N°013/MVB_27/2026,2026-05-27,Cumulative confirmed cases by health zone from the N13 table; unassigned Ituri rows are stored separately.
2026-05-27,2026-05,Sud-Kivu,Miti-Murhesa,cXkCT53xxfk,1,,-2.39067,28.72098,SitRep N°013/MVB_27/2026,2026-05-27,Cumulative confirmed cases by health zone from the N13 table; unassigned Ituri rows are stored separately.
2026-05-28,2026-05,Ituri,Bunia,GPi6i83o7l6,59,,1.607713140500067,30.282078091482003,SitRep N014/MVB_28/2026,2026-05-28,N14 health-zone allocation partially reconstructed from adjacent SitReps; headline total is preserved.
2026-05-28,2026-05,Ituri,Rwampara,vPxN2nZnBXK,53,,1.5710652340000308,30.08327315923981,SitRep N014/MVB_28/2026,2026-05-28,N14 health-zone allocation partially reconstructed from adjacent SitReps; headline total is preserved.
2026-05-28,2026-05,Ituri,Mongbwalu,nv8tx681Gjd,39,,2.120204140000084,29.46395014319073,SitRep N014/MVB_28/2026,2026-05-28,N14 health-zone allocation partially reconstructed from adjacent SitReps; headline total is preserved.
2026-05-28,2026-05,Ituri,Nyankunde,mGTaa8TFifO,17,,1.4866449679154434,29.933917392135683,SitRep N014/MVB_28/2026,2026-05-28,N14 health-zone allocation partially reconstructed from adjacent SitReps; headline total is preserved.
2026-05-28,2026-05,Ituri,Aru,v8PqffapuVl,2,,2.859042986322321,30.833681049566664,SitRep N014/MVB_28/2026,2026-05-28,N14 health-zone allocation partially reconstructed from adjacent SitReps; headline total is preserved.
2026-05-28,2026-05,Ituri,Kilo,sbyWSsdZ3tj,2,,1.7598275375000298,30.080701985660504,SitRep N014/MVB_28/2026,2026-05-28,N14 health-zone allocation partially reconstructed from adjacent SitReps; headline total is preserved.
2026-05-28,2026-05,Ituri,Nizi,TCE5waEW7Fi,2,,1.7491092545000129,30.29386589242562,SitRep N014/MVB_28/2026,2026-05-28,N14 health-zone allocation partially reconstructed from adjacent SitReps; headline total is preserved.
2026-05-28,2026-05,Ituri,Damas,ApdB8z3Wrxt,1,,2.1976361605001387,30.229346408586437,SitRep N014/MVB_28/2026,2026-05-28,N14 health-zone allocation partially reconstructed from adjacent SitReps; headline total is preserved.
2026-05-28,2026-05,Nord-Kivu,Katwa,woJBeEpIZdy,4,,0.1198993135112445,29.32416416638681,SitRep N014/MVB_28/2026,2026-05-28,N14 health-zone allocation partially reconstructed from adjacent SitReps; headline total is preserved.
2026-05-28,2026-05,Nord-Kivu,Butembo,foR0DRLqtdJ,5,,0.1465342500003714,29.251277502423125,SitRep N014/MVB_28/2026,2026-05-28,N14 health-zone allocation partially reconstructed from adjacent SitReps; headline total is preserved.
2026-05-28,2026-05,Nord-Kivu,Goma,t8tjGKVhkl3,1,,-1.6528676989999551,29.17826328304752,SitRep N014/MVB_28/2026,2026-05-28,N14 health-zone allocation partially reconstructed from adjacent SitReps; headline total is preserved.
2026-05-28,2026-05,Nord-Kivu,Oicha,zOOAshOz4Cz,1,,0.7639879778753311,29.54704482375912,SitRep N014/MVB_28/2026,2026-05-28,N14 health-zone allocation partially reconstructed from adjacent SitReps; headline total is preserved.
2026-05-28,2026-05,Nord-Kivu,Kalunguta,XoJ3dLz68aj,1,,0.3266166500000906,29.34622252068664,SitRep N014/MVB_28/2026,2026-05-28,N14 health-zone allocation partially reconstructed from adjacent SitReps; headline total is preserved.
2026-05-28,2026-05,Nord-Kivu,Kyondo,amGiV9h9C2I,1,,0.0132661619471709,29.50420270117476,SitRep N014/MVB_28/2026,2026-05-28,N14 health-zone allocation partially reconstructed from adjacent SitReps; headline total is preserved.
2026-05-28,2026-05,Sud-Kivu,Miti-Murhesa,cXkCT53xxfk,2,,-2.39067,28.72098,SitRep N014/MVB_28/2026,2026-05-28,N14 health-zone allocation partially reconstructed from adjacent SitReps; headline total is preserved.
2026-05-29,2026-05,Ituri,Aru,v8PqffapuVl,2,1,2.859042986322321,30.833681049566664,SitRep N015/MVB_29/2026,2026-05-29,"Cumulative confirmed cases from the N15 table, with non-identified rows stored separately."
2026-05-29,2026-05,Ituri,Bambu,Uc3GqWS8C0w,2,2,1.8633970955000336,30.20627592724413,SitRep N015/MVB_29/2026,2026-05-29,"Cumulative confirmed cases from the N15 table, with non-identified rows stored separately."
2026-05-29,2026-05,Ituri,Bunia,GPi6i83o7l6,80,8,1.607713140500067,30.282078091482003,SitRep N015/MVB_29/2026,2026-05-29,"Cumulative confirmed cases from the N15 table, with non-identified rows stored separately."
2026-05-29,2026-05,Ituri,Kilo,sbyWSsdZ3tj,2,0,1.7598275375000298,30.080701985660504,SitRep N015/MVB_29/2026,2026-05-29,"Cumulative confirmed cases from the N15 table, with non-identified rows stored separately."
2026-05-29,2026-05,Ituri,Mongbwalu,nv8tx681Gjd,47,10,2.120204140000084,29.46395014319073,SitRep N015/MVB_29/2026,2026-05-29,"Cumulative confirmed cases from the N15 table, with non-identified rows stored separately."
2026-05-29,2026-05,Ituri,Nizi,TCE5waEW7Fi,2,0,1.7491092545000129,30.29386589242562,SitRep N015/MVB_29/2026,2026-05-29,"Cumulative confirmed cases from the N15 table, with non-identified rows stored separately."
2026-05-29,2026-05,Ituri,Nyankunde,mGTaa8TFifO,19,1,1.4866449679154434,29.933917392135683,SitRep N015/MVB_29/2026,2026-05-29,"Cumulative confirmed cases from the N15 table, with non-identified rows stored separately."
2026-05-29,2026-05,Ituri,Rwampara,vPxN2nZnBXK,65,13,1.5710652340000308,30.08327315923981,SitRep N015/MVB_29/2026,2026-05-29,"Cumulative confirmed cases from the N15 table, with non-identified rows stored separately."
2026-05-29,2026-05,Ituri,Mangala,,1,0,,,SitRep N015/MVB_29/2026,2026-05-29,"Cumulative confirmed cases from the N15 table, with non-identified rows stored separately."
2026-05-29,2026-05,Ituri,Damas,ApdB8z3Wrxt,1,0,2.1976361605001387,30.229346408586437,SitRep N015/MVB_29/2026,2026-05-29,"Cumulative confirmed cases from the N15 table, with non-identified rows stored separately."
2026-05-29,2026-05,Ituri,Aungba,DFcltLEKLxj,1,0,2.5670708830760702,30.592536320311343,SitRep N015/MVB_29/2026,2026-05-29,"Cumulative confirmed cases from the N15 table, with non-identified rows stored separately."
2026-05-29,2026-05,Ituri,Gety,X8zFJ7DJlRD,1,0,1.253148786140514,30.189368117956285,SitRep N015/MVB_29/2026,2026-05-29,"Cumulative confirmed cases from the N15 table, with non-identified rows stored separately."
2026-05-29,2026-05,Ituri,Komanda,i2mtQy4nTmD,1,0,1.1261791000000585,29.62557262065517,SitRep N015/MVB_29/2026,2026-05-29,"Cumulative confirmed cases from the N15 table, with non-identified rows stored separately."
2026-05-29,2026-05,Ituri,Lita,xGWcGHazqtw,1,0,1.588332974500048,30.38710948970807,SitRep N015/MVB_29/2026,2026-05-29,"Cumulative confirmed cases from the N15 table, with non-identified rows stored separately."
2026-05-29,2026-05,Nord-Kivu,Butembo,foR0DRLqtdJ,5,2,0.1465342500003714,29.251277502423125,SitRep N015/MVB_29/2026,2026-05-29,"Cumulative confirmed cases from the N15 table, with non-identified rows stored separately."
2026-05-29,2026-05,Nord-Kivu,Goma,t8tjGKVhkl3,1,0,-1.6528676989999551,29.17826328304752,SitRep N015/MVB_29/2026,2026-05-29,"Cumulative confirmed cases from the N15 table, with non-identified rows stored separately."
2026-05-29,2026-05,Nord-Kivu,Katwa,woJBeEpIZdy,4,3,0.1198993135112445,29.32416416638681,SitRep N015/MVB_29/2026,2026-05-29,"Cumulative confirmed cases from the N15 table, with non-identified rows stored separately."
2026-05-29,2026-05,Nord-Kivu,Kyondo,amGiV9h9C2I,1,0,0.0132661619471709,29.50420270117476,SitRep N015/MVB_29/2026,2026-05-29,"Cumulative confirmed cases from the N15 table, with non-identified rows stored separately."
2026-05-29,2026-05,Nord-Kivu,Oicha,zOOAshOz4Cz,1,0,0.7639879778753311,29.54704482375912,SitRep N015/MVB_29/2026,2026-05-29,"Cumulative confirmed cases from the N15 table, with non-identified rows stored separately."
2026-05-29,2026-05,Nord-Kivu,Kalunguta,XoJ3dLz68aj,1,1,0.3266166500000906,29.34622252068664,SitRep N015/MVB_29/2026,2026-05-29,"Cumulative confirmed cases from the N15 table, with non-identified rows stored separately."
2026-05-29,2026-05,Nord-Kivu,Beni,msg2MyMGhKv,2,0,0.493171248666955,29.51358389763662,SitRep N015/MVB_29/2026,2026-05-29,"Cumulative confirmed cases from the N15 table, with non-identified rows stored separately."
2026-05-29,2026-05,Sud-Kivu,Miti-Murhesa,cXkCT53xxfk,3,1,-2.39067,28.72098,SitRep N015/MVB_29/2026,2026-05-29,"Cumulative confirmed cases from the N15 table, with non-identified rows stored separately."
2026-05-30,2026-05,Ituri,Aru,v8PqffapuVl,2,,2.859042986322321,30.833681049566664,SitRep N016/MVB_30/2026,2026-05-30,N16 health-zone allocation partially reconstructed from N15 plus reported daily increase.
2026-05-30,2026-05,Ituri,Bambu,Uc3GqWS8C0w,2,,1.8633970955000336,30.20627592724413,SitRep N016/MVB_30/2026,2026-05-30,N16 health-zone allocation partially reconstructed from N15 plus reported daily increase.
2026-05-30,2026-05,Ituri,Bunia,GPi6i83o7l6,88,,1.607713140500067,30.282078091482003,SitRep N016/MVB_30/2026,2026-05-30,N16 health-zone allocation partially reconstructed from N15 plus reported daily increase.
2026-05-30,2026-05,Ituri,Kilo,sbyWSsdZ3tj,2,,1.7598275375000298,30.080701985660504,SitRep N016/MVB_30/2026,2026-05-30,N16 health-zone allocation partially reconstructed from N15 plus reported daily increase.
2026-05-30,2026-05,Ituri,Mongbwalu,nv8tx681Gjd,51,,2.120204140000084,29.46395014319073,SitRep N016/MVB_30/2026,2026-05-30,N16 health-zone allocation partially reconstructed from N15 plus reported daily increase.
2026-05-30,2026-05,Ituri,Nizi,TCE5waEW7Fi,2,,1.7491092545000129,30.29386589242562,SitRep N016/MVB_30/2026,2026-05-30,N16 health-zone allocation partially reconstructed from N15 plus reported daily increase.
2026-05-30,2026-05,Ituri,Nyankunde,mGTaa8TFifO,20,,1.4866449679154434,29.933917392135683,SitRep N016/MVB_30/2026,2026-05-30,N16 health-zone allocation partially reconstructed from N15 plus reported daily increase.
2026-05-30,2026-05,Ituri,Rwampara,vPxN2nZnBXK,71,,1.5710652340000308,30.08327315923981,SitRep N016/MVB_30/2026,2026-05-30,N16 health-zone allocation partially reconstructed from N15 plus reported daily increase.
2026-05-30,2026-05,Ituri,Mangala,,1,,,,SitRep N016/MVB_30/2026,2026-05-30,N16 health-zone allocation partially reconstructed from N15 plus reported daily increase.
2026-05-30,2026-05,Ituri,Damas,ApdB8z3Wrxt,1,,2.1976361605001387,30.229346408586437,SitRep N016/MVB_30/2026,2026-05-30,N16 health-zone allocation partially reconstructed from N15 plus reported daily increase.
2026-05-30,2026-05,Ituri,Aungba,DFcltLEKLxj,1,,2.5670708830760702,30.592536320311343,SitRep N016/MVB_30/2026,2026-05-30,N16 health-zone allocation partially reconstructed from N15 plus reported daily increase.
2026-05-30,2026-05,Ituri,Gety,X8zFJ7DJlRD,1,,1.253148786140514,30.189368117956285,SitRep N016/MVB_30/2026,2026-05-30,N16 health-zone allocation partially reconstructed from N15 plus reported daily increase.
2026-05-30,2026-05,Ituri,Komanda,i2mtQy4nTmD,1,,1.1261791000000585,29.62557262065517,SitRep N016/MVB_30/2026,2026-05-30,N16 health-zone allocation partially reconstructed from N15 plus reported daily increase.
2026-05-30,2026-05,Ituri,Lita,xGWcGHazqtw,1,,1.588332974500048,30.38710948970807,SitRep N016/MVB_30/2026,2026-05-30,N16 health-zone allocation partially reconstructed from N15 plus reported daily increase.
2026-05-30,2026-05,Nord-Kivu,Butembo,foR0DRLqtdJ,5,,0.1465342500003714,29.251277502423125,SitRep N016/MVB_30/2026,2026-05-30,N16 health-zone allocation partially reconstructed from N15 plus reported daily increase.
2026-05-30,2026-05,Nord-Kivu,Goma,t8tjGKVhkl3,1,,-1.6528676989999551,29.17826328304752,SitRep N016/MVB_30/2026,2026-05-30,N16 health-zone allocation partially reconstructed from N15 plus reported daily increase.
2026-05-30,2026-05,Nord-Kivu,Katwa,woJBeEpIZdy,4,,0.1198993135112445,29.32416416638681,SitRep N016/MVB_30/2026,2026-05-30,N16 health-zone allocation partially reconstructed from N15 plus reported daily increase.
2026-05-30,2026-05,Nord-Kivu,Kyondo,amGiV9h9C2I,1,,0.0132661619471709,29.50420270117476,SitRep N016/MVB_30/2026,2026-05-30,N16 health-zone allocation partially reconstructed from N15 plus reported daily increase.
2026-05-30,2026-05,Nord-Kivu,Oicha,zOOAshOz4Cz,1,,0.7639879778753311,29.54704482375912,SitRep N016/MVB_30/2026,2026-05-30,N16 health-zone allocation partially reconstructed from N15 plus reported daily increase.
2026-05-30,2026-05,Nord-Kivu,Kalunguta,XoJ3dLz68aj,1,,0.3266166500000906,29.34622252068664,SitRep N016/MVB_30/2026,2026-05-30,N16 health-zone allocation partially reconstructed from N15 plus reported daily increase.
2026-05-30,2026-05,Nord-Kivu,Beni,msg2MyMGhKv,2,,0.493171248666955,29.51358389763662,SitRep N016/MVB_30/2026,2026-05-30,N16 health-zone allocation partially reconstructed from N15 plus reported daily increase.
2026-05-30,2026-05,Sud-Kivu,Miti-Murhesa,cXkCT53xxfk,3,,-2.39067,28.72098,SitRep N016/MVB_30/2026,2026-05-30,N16 health-zone allocation partially reconstructed from N15 plus reported daily increase.
2026-05-31,2026-05,Ituri,Bunia,GPi6i83o7l6,74,,1.607713140500067,30.282078091482003,SitRep N017/MVB_31/2026,2026-05-31,Cumulative confirmed cases from N17; Autres ZS stored separately.
2026-05-31,2026-05,Ituri,Rwampara,vPxN2nZnBXK,62,,1.5710652340000308,30.08327315923981,SitRep N017/MVB_31/2026,2026-05-31,Cumulative confirmed cases from N17; Autres ZS stored separately.
2026-05-31,2026-05,Ituri,Mongbwalu,nv8tx681Gjd,36,,2.120204140000084,29.46395014319073,SitRep N017/MVB_31/2026,2026-05-31,Cumulative confirmed cases from N17; Autres ZS stored separately.
2026-05-31,2026-05,Ituri,Nyankunde,mGTaa8TFifO,18,,1.4866449679154434,29.933917392135683,SitRep N017/MVB_31/2026,2026-05-31,Cumulative confirmed cases from N17; Autres ZS stored separately.
2026-05-31,2026-05,Ituri,Bambu,Uc3GqWS8C0w,2,,1.8633970955000336,30.20627592724413,SitRep N017/MVB_31/2026,2026-05-31,Cumulative confirmed cases from N17; Autres ZS stored separately.
2026-05-31,2026-05,Ituri,Aru,v8PqffapuVl,2,,2.859042986322321,30.833681049566664,SitRep N017/MVB_31/2026,2026-05-31,Cumulative confirmed cases from N17; Autres ZS stored separately.
2026-05-31,2026-05,Ituri,Kilo,sbyWSsdZ3tj,2,,1.7598275375000298,30.080701985660504,SitRep N017/MVB_31/2026,2026-05-31,Cumulative confirmed cases from N17; Autres ZS stored separately.
2026-05-31,2026-05,Ituri,Nizi,TCE5waEW7Fi,1,,1.7491092545000129,30.29386589242562,SitRep N017/MVB_31/2026,2026-05-31,Cumulative confirmed cases from N17; Autres ZS stored separately.
2026-05-31,2026-05,Ituri,Mangala,,1,,,,SitRep N017/MVB_31/2026,2026-05-31,Cumulative confirmed cases from N17; Autres ZS stored separately.
2026-05-31,2026-05,Ituri,Damas,ApdB8z3Wrxt,1,,2.1976361605001387,30.229346408586437,SitRep N017/MVB_31/2026,2026-05-31,Cumulative confirmed cases from N17; Autres ZS stored separately.
2026-05-31,2026-05,Ituri,Aungba,DFcltLEKLxj,1,,2.5670708830760702,30.592536320311343,SitRep N017/MVB_31/2026,2026-05-31,Cumulative confirmed cases from N17; Autres ZS stored separately.
2026-05-31,2026-05,Ituri,Gety,X8zFJ7DJlRD,1,,1.253148786140514,30.189368117956285,SitRep N017/MVB_31/2026,2026-05-31,Cumulative confirmed cases from N17; Autres ZS stored separately.
2026-05-31,2026-05,Ituri,Komanda,i2mtQy4nTmD,0,,1.1261791000000585,29.62557262065517,SitRep N017/MVB_31/2026,2026-05-31,Cumulative confirmed cases from N17; Autres ZS stored separately.
2026-05-31,2026-05,Ituri,Lita,xGWcGHazqtw,1,,1.588332974500048,30.38710948970807,SitRep N017/MVB_31/2026,2026-05-31,Cumulative confirmed cases from N17; Autres ZS stored separately.
2026-05-31,2026-05,Ituri,Logo,qqGoQGSp1Dw,1,,2.155727226000039,30.877556277526388,SitRep N017/MVB_31/2026,2026-05-31,Cumulative confirmed cases from N17; Autres ZS stored separately.
2026-05-31,2026-05,Ituri,Mambasa,RjHZChl5gJQ,0,,1.4290391459577108,28.62314089055854,SitRep N017/MVB_31/2026,2026-05-31,Cumulative confirmed cases from N17; Autres ZS stored separately.
2026-05-31,2026-05,Nord-Kivu,Katwa,woJBeEpIZdy,7,,0.1198993135112445,29.32416416638681,SitRep N017/MVB_31/2026,2026-05-31,Cumulative confirmed cases from N17; Autres ZS stored separately.
2026-05-31,2026-05,Nord-Kivu,Beni,msg2MyMGhKv,5,,0.493171248666955,29.51358389763662,SitRep N017/MVB_31/2026,2026-05-31,Cumulative confirmed cases from N17; Autres ZS stored separately.
2026-05-31,2026-05,Nord-Kivu,Butembo,foR0DRLqtdJ,2,,0.1465342500003714,29.251277502423125,SitRep N017/MVB_31/2026,2026-05-31,Cumulative confirmed cases from N17; Autres ZS stored separately.
2026-05-31,2026-05,Nord-Kivu,Oicha,zOOAshOz4Cz,2,,0.7639879778753311,29.54704482375912,SitRep N017/MVB_31/2026,2026-05-31,Cumulative confirmed cases from N17; Autres ZS stored separately.
2026-05-31,2026-05,Nord-Kivu,Kalunguta,XoJ3dLz68aj,1,,0.3266166500000906,29.34622252068664,SitRep N017/MVB_31/2026,2026-05-31,Cumulative confirmed cases from N17; Autres ZS stored separately.
2026-05-31,2026-05,Nord-Kivu,Kyondo,amGiV9h9C2I,1,,0.0132661619471709,29.50420270117476,SitRep N017/MVB_31/2026,2026-05-31,Cumulative confirmed cases from N17; Autres ZS stored separately.
2026-05-31,2026-05,Nord-Kivu,Goma,t8tjGKVhkl3,1,,-1.6528676989999551,29.17826328304752,SitRep N017/MVB_31/2026,2026-05-31,Cumulative confirmed cases from N17; Autres ZS stored separately.
2026-05-31,2026-05,Sud-Kivu,Miti-Murhesa,cXkCT53xxfk,3,,-2.39067,28.72098,SitRep N017/MVB_31/2026,2026-05-31,Cumulative confirmed cases from N17; Autres ZS stored separately.
2026-06-01,2026-06,Ituri,Bunia,GPi6i83o7l6,80,8,1.607713140500067,30.282078091482003,SitRep N018/MVB_01/06/2026,2026-06-01,Cumulative confirmed cases from N18; Autres ZS stored separately.
2026-06-01,2026-06,Ituri,Rwampara,vPxN2nZnBXK,65,13,1.5710652340000308,30.08327315923981,SitRep N018/MVB_01/06/2026,2026-06-01,Cumulative confirmed cases from N18; Autres ZS stored separately.
2026-06-01,2026-06,Ituri,Mongbwalu,nv8tx681Gjd,47,10,2.120204140000084,29.46395014319073,SitRep N018/MVB_01/06/2026,2026-06-01,Cumulative confirmed cases from N18; Autres ZS stored separately.
2026-06-01,2026-06,Ituri,Nyankunde,mGTaa8TFifO,19,1,1.4866449679154434,29.933917392135683,SitRep N018/MVB_01/06/2026,2026-06-01,Cumulative confirmed cases from N18; Autres ZS stored separately.
2026-06-01,2026-06,Ituri,Bambu,Uc3GqWS8C0w,2,2,1.8633970955000336,30.20627592724413,SitRep N018/MVB_01/06/2026,2026-06-01,Cumulative confirmed cases from N18; Autres ZS stored separately.
2026-06-01,2026-06,Ituri,Aru,v8PqffapuVl,2,1,2.859042986322321,30.833681049566664,SitRep N018/MVB_01/06/2026,2026-06-01,Cumulative confirmed cases from N18; Autres ZS stored separately.
2026-06-01,2026-06,Ituri,Kilo,sbyWSsdZ3tj,2,0,1.7598275375000298,30.080701985660504,SitRep N018/MVB_01/06/2026,2026-06-01,Cumulative confirmed cases from N18; Autres ZS stored separately.
2026-06-01,2026-06,Ituri,Nizi,TCE5waEW7Fi,2,0,1.7491092545000129,30.29386589242562,SitRep N018/MVB_01/06/2026,2026-06-01,Cumulative confirmed cases from N18; Autres ZS stored separately.
2026-06-01,2026-06,Ituri,Mangala,,1,0,,,SitRep N018/MVB_01/06/2026,2026-06-01,Cumulative confirmed cases from N18; Autres ZS stored separately.
2026-06-01,2026-06,Ituri,Damas,ApdB8z3Wrxt,1,0,2.1976361605001387,30.229346408586437,SitRep N018/MVB_01/06/2026,2026-06-01,Cumulative confirmed cases from N18; Autres ZS stored separately.
2026-06-01,2026-06,Ituri,Aungba,DFcltLEKLxj,1,0,2.5670708830760702,30.592536320311343,SitRep N018/MVB_01/06/2026,2026-06-01,Cumulative confirmed cases from N18; Autres ZS stored separately.
2026-06-01,2026-06,Ituri,Gety,X8zFJ7DJlRD,1,0,1.253148786140514,30.189368117956285,SitRep N018/MVB_01/06/2026,2026-06-01,Cumulative confirmed cases from N18; Autres ZS stored separately.
2026-06-01,2026-06,Ituri,Komanda,i2mtQy4nTmD,1,0,1.1261791000000585,29.62557262065517,SitRep N018/MVB_01/06/2026,2026-06-01,Cumulative confirmed cases from N18; Autres ZS stored separately.
2026-06-01,2026-06,Ituri,Lita,xGWcGHazqtw,1,0,1.588332974500048,30.38710948970807,SitRep N018/MVB_01/06/2026,2026-06-01,Cumulative confirmed cases from N18; Autres ZS stored separately.
2026-06-01,2026-06,Ituri,Logo,qqGoQGSp1Dw,1,0,2.155727226000039,30.877556277526388,SitRep N018/MVB_01/06/2026,2026-06-01,Cumulative confirmed cases from N18; Autres ZS stored separately.
2026-06-01,2026-06,Ituri,Mambasa,RjHZChl5gJQ,2,1,1.4290391459577108,28.62314089055854,SitRep N018/MVB_01/06/2026,2026-06-01,Cumulative confirmed cases from N18; Autres ZS stored separately.
2026-06-01,2026-06,Nord-Kivu,Katwa,woJBeEpIZdy,7,5,0.1198993135112445,29.32416416638681,SitRep N018/MVB_01/06/2026,2026-06-01,Cumulative confirmed cases from N18; Autres ZS stored separately.
2026-06-01,2026-06,Nord-Kivu,Beni,msg2MyMGhKv,5,3,0.493171248666955,29.51358389763662,SitRep N018/MVB_01/06/2026,2026-06-01,Cumulative confirmed cases from N18; Autres ZS stored separately.
2026-06-01,2026-06,Nord-Kivu,Butembo,foR0DRLqtdJ,2,2,0.1465342500003714,29.251277502423125,SitRep N018/MVB_01/06/2026,2026-06-01,Cumulative confirmed cases from N18; Autres ZS stored separately.
2026-06-01,2026-06,Nord-Kivu,Oicha,zOOAshOz4Cz,2,2,0.7639879778753311,29.54704482375912,SitRep N018/MVB_01/06/2026,2026-06-01,Cumulative confirmed cases from N18; Autres ZS stored separately.
2026-06-01,2026-06,Nord-Kivu,Kalunguta,XoJ3dLz68aj,1,1,0.3266166500000906,29.34622252068664,SitRep N018/MVB_01/06/2026,2026-06-01,Cumulative confirmed cases from N18; Autres ZS stored separately.
2026-06-01,2026-06,Nord-Kivu,Kyondo,amGiV9h9C2I,1,0,0.0132661619471709,29.50420270117476,SitRep N018/MVB_01/06/2026,2026-06-01,Cumulative confirmed cases from N18; Autres ZS stored separately.
2026-06-01,2026-06,Nord-Kivu,Goma,t8tjGKVhkl3,1,0,-1.6528676989999551,29.17826328304752,SitRep N018/MVB_01/06/2026,2026-06-01,Cumulative confirmed cases from N18; Autres ZS stored separately.
2026-06-01,2026-06,Sud-Kivu,Miti-Murhesa,cXkCT53xxfk,3,1,-2.39067,28.72098,SitRep N018/MVB_01/06/2026,2026-06-01,Cumulative confirmed cases from N18; Autres ZS stored separately.
2026-06-02,2026-06,Ituri,Bunia,GPi6i83o7l6,85,8,1.607713140500067,30.282078091482003,SitRep N019/MVB_02/06/2026,2026-06-02,Cumulative confirmed cases from N19; Autres ZS stored separately.
2026-06-02,2026-06,Ituri,Rwampara,vPxN2nZnBXK,72,15,1.5710652340000308,30.08327315923981,SitRep N019/MVB_02/06/2026,2026-06-02,Cumulative confirmed cases from N19; Autres ZS stored separately.
2026-06-02,2026-06,Ituri,Mongbwalu,nv8tx681Gjd,47,10,2.120204140000084,29.46395014319073,SitRep N019/MVB_02/06/2026,2026-06-02,Cumulative confirmed cases from N19; Autres ZS stored separately.
2026-06-02,2026-06,Ituri,Nyankunde,mGTaa8TFifO,22,1,1.4866449679154434,29.933917392135683,SitRep N019/MVB_02/06/2026,2026-06-02,Cumulative confirmed cases from N19; Autres ZS stored separately.
2026-06-02,2026-06,Ituri,Rimba,a2aJcbwnjoK,3,0,2.2214134000000456,30.706000954123333,SitRep N019/MVB_02/06/2026,2026-06-02,Cumulative confirmed cases from N19; Autres ZS stored separately.
2026-06-02,2026-06,Ituri,Mambasa,RjHZChl5gJQ,2,1,1.4290391459577108,28.62314089055854,SitRep N019/MVB_02/06/2026,2026-06-02,Cumulative confirmed cases from N19; Autres ZS stored separately.
2026-06-02,2026-06,Ituri,Bambu,Uc3GqWS8C0w,2,2,1.8633970955000336,30.20627592724413,SitRep N019/MVB_02/06/2026,2026-06-02,Cumulative confirmed cases from N19; Autres ZS stored separately.
2026-06-02,2026-06,Ituri,Aru,v8PqffapuVl,2,1,2.859042986322321,30.833681049566664,SitRep N019/MVB_02/06/2026,2026-06-02,Cumulative confirmed cases from N19; Autres ZS stored separately.
2026-06-02,2026-06,Ituri,Damas,ApdB8z3Wrxt,2,0,2.1976361605001387,30.229346408586437,SitRep N019/MVB_02/06/2026,2026-06-02,Cumulative confirmed cases from N19; Autres ZS stored separately.
2026-06-02,2026-06,Ituri,Kilo,sbyWSsdZ3tj,2,0,1.7598275375000298,30.080701985660504,SitRep N019/MVB_02/06/2026,2026-06-02,Cumulative confirmed cases from N19; Autres ZS stored separately.
2026-06-02,2026-06,Ituri,Nizi,TCE5waEW7Fi,2,0,1.7491092545000129,30.29386589242562,SitRep N019/MVB_02/06/2026,2026-06-02,Cumulative confirmed cases from N19; Autres ZS stored separately.
2026-06-02,2026-06,Ituri,Mangala,,1,0,,,SitRep N019/MVB_02/06/2026,2026-06-02,Cumulative confirmed cases from N19; Autres ZS stored separately.
2026-06-02,2026-06,Ituri,Aungba,DFcltLEKLxj,1,0,2.5670708830760702,30.592536320311343,SitRep N019/MVB_02/06/2026,2026-06-02,Cumulative confirmed cases from N19; Autres ZS stored separately.
2026-06-02,2026-06,Ituri,Gety,X8zFJ7DJlRD,1,0,1.253148786140514,30.189368117956285,SitRep N019/MVB_02/06/2026,2026-06-02,Cumulative confirmed cases from N19; Autres ZS stored separately.
2026-06-02,2026-06,Ituri,Komanda,i2mtQy4nTmD,1,0,1.1261791000000585,29.62557262065517,SitRep N019/MVB_02/06/2026,2026-06-02,Cumulative confirmed cases from N19; Autres ZS stored separately.
2026-06-02,2026-06,Ituri,Lita,xGWcGHazqtw,1,0,1.588332974500048,30.38710948970807,SitRep N019/MVB_02/06/2026,2026-06-02,Cumulative confirmed cases from N19; Autres ZS stored separately.
2026-06-02,2026-06,Ituri,Logo,qqGoQGSp1Dw,1,0,2.155727226000039,30.877556277526388,SitRep N019/MVB_02/06/2026,2026-06-02,Cumulative confirmed cases from N19; Autres ZS stored separately.
2026-06-02,2026-06,Nord-Kivu,Katwa,woJBeEpIZdy,7,5,0.1198993135112445,29.32416416638681,SitRep N019/MVB_02/06/2026,2026-06-02,Cumulative confirmed cases from N19; Autres ZS stored separately.
2026-06-02,2026-06,Nord-Kivu,Beni,msg2MyMGhKv,5,3,0.493171248666955,29.51358389763662,SitRep N019/MVB_02/06/2026,2026-06-02,Cumulative confirmed cases from N19; Autres ZS stored separately.
2026-06-02,2026-06,Nord-Kivu,Butembo,foR0DRLqtdJ,2,2,0.1465342500003714,29.251277502423125,SitRep N019/MVB_02/06/2026,2026-06-02,Cumulative confirmed cases from N19; Autres ZS stored separately.
2026-06-02,2026-06,Nord-Kivu,Oicha,zOOAshOz4Cz,2,2,0.7639879778753311,29.54704482375912,SitRep N019/MVB_02/06/2026,2026-06-02,Cumulative confirmed cases from N19; Autres ZS stored separately.
2026-06-02,2026-06,Nord-Kivu,Kalunguta,XoJ3dLz68aj,1,1,0.3266166500000906,29.34622252068664,SitRep N019/MVB_02/06/2026,2026-06-02,Cumulative confirmed cases from N19; Autres ZS stored separately.
2026-06-02,2026-06,Nord-Kivu,Kyondo,amGiV9h9C2I,1,0,0.0132661619471709,29.50420270117476,SitRep N019/MVB_02/06/2026,2026-06-02,Cumulative confirmed cases from N19; Autres ZS stored separately.
2026-06-02,2026-06,Nord-Kivu,Goma,t8tjGKVhkl3,1,0,-1.6528676989999551,29.17826328304752,SitRep N019/MVB_02/06/2026,2026-06-02,Cumulative confirmed cases from N19; Autres ZS stored separately.
2026-06-02,2026-06,Sud-Kivu,Miti-Murhesa,cXkCT53xxfk,3,1,-2.39067,28.72098,SitRep N019/MVB_02/06/2026,2026-06-02,Cumulative confirmed cases from N19; Autres ZS stored separately.
2026-06-03,2026-06,Ituri,Bunia,GPi6i83o7l6,97,9,1.607713140500067,30.282078091482003,SitRep N020/MVB_03/06/2026,2026-06-03,Cumulative confirmed cases from N20; Autres ZS stored separately.
2026-06-03,2026-06,Ituri,Rwampara,vPxN2nZnBXK,76,16,1.5710652340000308,30.08327315923981,SitRep N020/MVB_03/06/2026,2026-06-03,Cumulative confirmed cases from N20; Autres ZS stored separately.
2026-06-03,2026-06,Ituri,Mongbwalu,nv8tx681Gjd,47,10,2.120204140000084,29.46395014319073,SitRep N020/MVB_03/06/2026,2026-06-03,Cumulative confirmed cases from N20; Autres ZS stored separately.
2026-06-03,2026-06,Ituri,Nyankunde,mGTaa8TFifO,22,1,1.4866449679154434,29.933917392135683,SitRep N020/MVB_03/06/2026,2026-06-03,Cumulative confirmed cases from N20; Autres ZS stored separately.
2026-06-03,2026-06,Ituri,Rimba,a2aJcbwnjoK,3,0,2.2214134000000456,30.706000954123333,SitRep N020/MVB_03/06/2026,2026-06-03,Cumulative confirmed cases from N20; Autres ZS stored separately.
2026-06-03,2026-06,Ituri,Damas,ApdB8z3Wrxt,3,0,2.1976361605001387,30.229346408586437,SitRep N020/MVB_03/06/2026,2026-06-03,Cumulative confirmed cases from N20; Autres ZS stored separately.
2026-06-03,2026-06,Ituri,Lita,xGWcGHazqtw,2,0,1.588332974500048,30.38710948970807,SitRep N020/MVB_03/06/2026,2026-06-03,Cumulative confirmed cases from N20; Autres ZS stored separately.
2026-06-03,2026-06,Ituri,Bambu,Uc3GqWS8C0w,2,2,1.8633970955000336,30.20627592724413,SitRep N020/MVB_03/06/2026,2026-06-03,Cumulative confirmed cases from N20; Autres ZS stored separately.
2026-06-03,2026-06,Ituri,Aru,v8PqffapuVl,2,1,2.859042986322321,30.833681049566664,SitRep N020/MVB_03/06/2026,2026-06-03,Cumulative confirmed cases from N20; Autres ZS stored separately.
2026-06-03,2026-06,Ituri,Kilo,sbyWSsdZ3tj,2,0,1.7598275375000298,30.080701985660504,SitRep N020/MVB_03/06/2026,2026-06-03,Cumulative confirmed cases from N20; Autres ZS stored separately.
2026-06-03,2026-06,Ituri,Mambasa,RjHZChl5gJQ,2,1,1.4290391459577108,28.62314089055854,SitRep N020/MVB_03/06/2026,2026-06-03,Cumulative confirmed cases from N20; Autres ZS stored separately.
2026-06-03,2026-06,Ituri,Nizi,TCE5waEW7Fi,2,0,1.7491092545000129,30.29386589242562,SitRep N020/MVB_03/06/2026,2026-06-03,Cumulative confirmed cases from N20; Autres ZS stored separately.
2026-06-03,2026-06,Ituri,Mangala,,1,0,,,SitRep N020/MVB_03/06/2026,2026-06-03,Cumulative confirmed cases from N20; Autres ZS stored separately.
2026-06-03,2026-06,Ituri,Aungba,DFcltLEKLxj,1,0,2.5670708830760702,30.592536320311343,SitRep N020/MVB_03/06/2026,2026-06-03,Cumulative confirmed cases from N20; Autres ZS stored separately.
2026-06-03,2026-06,Ituri,Gety,X8zFJ7DJlRD,1,0,1.253148786140514,30.189368117956285,SitRep N020/MVB_03/06/2026,2026-06-03,Cumulative confirmed cases from N20; Autres ZS stored separately.
2026-06-03,2026-06,Ituri,Komanda,i2mtQy4nTmD,1,0,1.1261791000000585,29.62557262065517,SitRep N020/MVB_03/06/2026,2026-06-03,Cumulative confirmed cases from N20; Autres ZS stored separately.
2026-06-03,2026-06,Ituri,Logo,qqGoQGSp1Dw,1,0,2.155727226000039,30.877556277526388,SitRep N020/MVB_03/06/2026,2026-06-03,Cumulative confirmed cases from N20; Autres ZS stored separately.
2026-06-03,2026-06,Nord-Kivu,Katwa,woJBeEpIZdy,7,5,0.1198993135112445,29.32416416638681,SitRep N020/MVB_03/06/2026,2026-06-03,Cumulative confirmed cases from N20; Autres ZS stored separately.
2026-06-03,2026-06,Nord-Kivu,Beni,msg2MyMGhKv,5,3,0.493171248666955,29.51358389763662,SitRep N020/MVB_03/06/2026,2026-06-03,Cumulative confirmed cases from N20; Autres ZS stored separately.
2026-06-03,2026-06,Nord-Kivu,Butembo,foR0DRLqtdJ,2,2,0.1465342500003714,29.251277502423125,SitRep N020/MVB_03/06/2026,2026-06-03,Cumulative confirmed cases from N20; Autres ZS stored separately.
2026-06-03,2026-06,Nord-Kivu,Oicha,zOOAshOz4Cz,2,2,0.7639879778753311,29.54704482375912,SitRep N020/MVB_03/06/2026,2026-06-03,Cumulative confirmed cases from N20; Autres ZS stored separately.
2026-06-03,2026-06,Nord-Kivu,Kalunguta,XoJ3dLz68aj,1,1,0.3266166500000906,29.34622252068664,SitRep N020/MVB_03/06/2026,2026-06-03,Cumulative confirmed cases from N20; Autres ZS stored separately.
2026-06-03,2026-06,Nord-Kivu,Kyondo,amGiV9h9C2I,1,0,0.0132661619471709,29.50420270117476,SitRep N020/MVB_03/06/2026,2026-06-03,Cumulative confirmed cases from N20; Autres ZS stored separately.
2026-06-03,2026-06,Nord-Kivu,Goma,t8tjGKVhkl3,1,0,-1.6528676989999551,29.17826328304752,SitRep N020/MVB_03/06/2026,2026-06-03,Cumulative confirmed cases from N20; Autres ZS stored separately.
2026-06-03,2026-06,Sud-Kivu,Miti-Murhesa,cXkCT53xxfk,3,1,-2.39067,28.72098,SitRep N020/MVB_03/06/2026,2026-06-03,Cumulative confirmed cases from N20; Autres ZS stored separately.
2026-06-04,2026-06,Ituri,Bunia,GPi6i83o7l6,123,11,1.607713140500067,30.282078091482003,SitRep N021/MVE BUNDIBUGYO_04/06/2026,2026-06-04,Cumulative confirmed cases from N21; Autres ZS stored separately.
2026-06-04,2026-06,Ituri,Rwampara,vPxN2nZnBXK,86,18,1.5710652340000308,30.08327315923981,SitRep N021/MVE BUNDIBUGYO_04/06/2026,2026-06-04,Cumulative confirmed cases from N21; Autres ZS stored separately.
2026-06-04,2026-06,Ituri,Mongbwalu,nv8tx681Gjd,64,21,2.120204140000084,29.46395014319073,SitRep N021/MVE BUNDIBUGYO_04/06/2026,2026-06-04,Cumulative confirmed cases from N21; Autres ZS stored separately.
2026-06-04,2026-06,Ituri,Nyankunde,mGTaa8TFifO,22,1,1.4866449679154434,29.933917392135683,SitRep N021/MVE BUNDIBUGYO_04/06/2026,2026-06-04,Cumulative confirmed cases from N21; Autres ZS stored separately.
2026-06-04,2026-06,Ituri,Rimba,a2aJcbwnjoK,3,0,2.2214134000000456,30.706000954123333,SitRep N021/MVE BUNDIBUGYO_04/06/2026,2026-06-04,Cumulative confirmed cases from N21; Autres ZS stored separately.
2026-06-04,2026-06,Ituri,Mambasa,RjHZChl5gJQ,2,1,1.4290391459577108,28.62314089055854,SitRep N021/MVE BUNDIBUGYO_04/06/2026,2026-06-04,Cumulative confirmed cases from N21; Autres ZS stored separately.
2026-06-04,2026-06,Ituri,Bambu,Uc3GqWS8C0w,5,2,1.8633970955000336,30.20627592724413,SitRep N021/MVE BUNDIBUGYO_04/06/2026,2026-06-04,Cumulative confirmed cases from N21; Autres ZS stored separately.
2026-06-04,2026-06,Ituri,Aru,v8PqffapuVl,3,1,2.859042986322321,30.833681049566664,SitRep N021/MVE BUNDIBUGYO_04/06/2026,2026-06-04,Cumulative confirmed cases from N21; Autres ZS stored separately.
2026-06-04,2026-06,Ituri,Damas,ApdB8z3Wrxt,3,0,2.1976361605001387,30.229346408586437,SitRep N021/MVE BUNDIBUGYO_04/06/2026,2026-06-04,Cumulative confirmed cases from N21; Autres ZS stored separately.
2026-06-04,2026-06,Ituri,Kilo,sbyWSsdZ3tj,3,1,1.7598275375000298,30.080701985660504,SitRep N021/MVE BUNDIBUGYO_04/06/2026,2026-06-04,Cumulative confirmed cases from N21; Autres ZS stored separately.
2026-06-04,2026-06,Ituri,Nizi,TCE5waEW7Fi,5,0,1.7491092545000129,30.29386589242562,SitRep N021/MVE BUNDIBUGYO_04/06/2026,2026-06-04,Cumulative confirmed cases from N21; Autres ZS stored separately.
2026-06-04,2026-06,Ituri,Mangala,,1,0,,,SitRep N021/MVE BUNDIBUGYO_04/06/2026,2026-06-04,Cumulative confirmed cases from N21; Autres ZS stored separately.
2026-06-04,2026-06,Ituri,Aungba,DFcltLEKLxj,1,0,2.5670708830760702,30.592536320311343,SitRep N021/MVE BUNDIBUGYO_04/06/2026,2026-06-04,Cumulative confirmed cases from N21; Autres ZS stored separately.
2026-06-04,2026-06,Ituri,Gety,X8zFJ7DJlRD,1,0,1.253148786140514,30.189368117956285,SitRep N021/MVE BUNDIBUGYO_04/06/2026,2026-06-04,Cumulative confirmed cases from N21; Autres ZS stored separately.
2026-06-04,2026-06,Ituri,Komanda,i2mtQy4nTmD,3,0,1.1261791000000585,29.62557262065517,SitRep N021/MVE BUNDIBUGYO_04/06/2026,2026-06-04,Cumulative confirmed cases from N21; Autres ZS stored separately.
2026-06-04,2026-06,Ituri,Lita,xGWcGHazqtw,3,0,1.588332974500048,30.38710948970807,SitRep N021/MVE BUNDIBUGYO_04/06/2026,2026-06-04,Cumulative confirmed cases from N21; Autres ZS stored separately.
2026-06-04,2026-06,Ituri,Logo,qqGoQGSp1Dw,2,0,2.155727226000039,30.877556277526388,SitRep N021/MVE BUNDIBUGYO_04/06/2026,2026-06-04,Cumulative confirmed cases from N21; Autres ZS stored separately.
2026-06-04,2026-06,Nord-Kivu,Katwa,woJBeEpIZdy,11,7,0.1198993135112445,29.32416416638681,SitRep N021/MVE BUNDIBUGYO_04/06/2026,2026-06-04,Cumulative confirmed cases from N21; Autres ZS stored separately.
2026-06-04,2026-06,Nord-Kivu,Beni,msg2MyMGhKv,5,3,0.493171248666955,29.51358389763662,SitRep N021/MVE BUNDIBUGYO_04/06/2026,2026-06-04,Cumulative confirmed cases from N21; Autres ZS stored separately.
2026-06-04,2026-06,Nord-Kivu,Butembo,foR0DRLqtdJ,4,2,0.1465342500003714,29.251277502423125,SitRep N021/MVE BUNDIBUGYO_04/06/2026,2026-06-04,Cumulative confirmed cases from N21; Autres ZS stored separately.
2026-06-04,2026-06,Nord-Kivu,Oicha,zOOAshOz4Cz,2,2,0.7639879778753311,29.54704482375912,SitRep N021/MVE BUNDIBUGYO_04/06/2026,2026-06-04,Cumulative confirmed cases from N21; Autres ZS stored separately.
2026-06-04,2026-06,Nord-Kivu,Kalunguta,XoJ3dLz68aj,1,1,0.3266166500000906,29.34622252068664,SitRep N021/MVE BUNDIBUGYO_04/06/2026,2026-06-04,Cumulative confirmed cases from N21; Autres ZS stored separately.
2026-06-04,2026-06,Nord-Kivu,Kyondo,amGiV9h9C2I,1,0,0.0132661619471709,29.50420270117476,SitRep N021/MVE BUNDIBUGYO_04/06/2026,2026-06-04,Cumulative confirmed cases from N21; Autres ZS stored separately.
2026-06-04,2026-06,Nord-Kivu,Goma,t8tjGKVhkl3,1,0,-1.6528676989999551,29.17826328304752,SitRep N021/MVE BUNDIBUGYO_04/06/2026,2026-06-04,Cumulative confirmed cases from N21; Autres ZS stored separately.
2026-06-04,2026-06,Sud-Kivu,Miti-Murhesa,cXkCT53xxfk,3,1,-2.39067,28.72098,SitRep N021/MVE BUNDIBUGYO_04/06/2026,2026-06-04,Cumulative confirmed cases from N21; Autres ZS stored separately.
2026-06-05,2026-06,Ituri,Bunia,GPi6i83o7l6,138,,1.607713140500067,30.282078091482003,SitRep N22/MVB_05/06/2026,2026-06-05,Cumulative confirmed cases from N22; Autres ZS stored separately.
2026-06-05,2026-06,Ituri,Rwampara,vPxN2nZnBXK,93,,1.5710652340000308,30.08327315923981,SitRep N22/MVB_05/06/2026,2026-06-05,Cumulative confirmed cases from N22; Autres ZS stored separately.
2026-06-05,2026-06,Ituri,Mongbwalu,nv8tx681Gjd,74,,2.120204140000084,29.46395014319073,SitRep N22/MVB_05/06/2026,2026-06-05,Cumulative confirmed cases from N22; Autres ZS stored separately.
2026-06-05,2026-06,Ituri,Nyankunde,mGTaa8TFifO,24,,1.4866449679154434,29.933917392135683,SitRep N22/MVB_05/06/2026,2026-06-05,Cumulative confirmed cases from N22; Autres ZS stored separately.
2026-06-05,2026-06,Ituri,Rimba,a2aJcbwnjoK,3,,2.2214134000000456,30.706000954123333,SitRep N22/MVB_05/06/2026,2026-06-05,Cumulative confirmed cases from N22; Autres ZS stored separately.
2026-06-05,2026-06,Ituri,Mambasa,RjHZChl5gJQ,2,,1.4290391459577108,28.62314089055854,SitRep N22/MVB_05/06/2026,2026-06-05,Cumulative confirmed cases from N22; Autres ZS stored separately.
2026-06-05,2026-06,Ituri,Bambu,Uc3GqWS8C0w,5,,1.8633970955000336,30.20627592724413,SitRep N22/MVB_05/06/2026,2026-06-05,Cumulative confirmed cases from N22; Autres ZS stored separately.
2026-06-05,2026-06,Ituri,Aru,v8PqffapuVl,3,,2.859042986322321,30.833681049566664,SitRep N22/MVB_05/06/2026,2026-06-05,Cumulative confirmed cases from N22; Autres ZS stored separately.
2026-06-05,2026-06,Ituri,Damas,ApdB8z3Wrxt,3,,2.1976361605001387,30.229346408586437,SitRep N22/MVB_05/06/2026,2026-06-05,Cumulative confirmed cases from N22; Autres ZS stored separately.
2026-06-05,2026-06,Ituri,Kilo,sbyWSsdZ3tj,4,,1.7598275375000298,30.080701985660504,SitRep N22/MVB_05/06/2026,2026-06-05,Cumulative confirmed cases from N22; Autres ZS stored separately.
2026-06-05,2026-06,Ituri,Nizi,TCE5waEW7Fi,5,,1.7491092545000129,30.29386589242562,SitRep N22/MVB_05/06/2026,2026-06-05,Cumulative confirmed cases from N22; Autres ZS stored separately.
2026-06-05,2026-06,Ituri,Mangala,,1,,,,SitRep N22/MVB_05/06/2026,2026-06-05,Cumulative confirmed cases from N22; Autres ZS stored separately.
2026-06-05,2026-06,Ituri,Aungba,DFcltLEKLxj,1,,2.5670708830760702,30.592536320311343,SitRep N22/MVB_05/06/2026,2026-06-05,Cumulative confirmed cases from N22; Autres ZS stored separately.
2026-06-05,2026-06,Ituri,Gety,X8zFJ7DJlRD,1,,1.253148786140514,30.189368117956285,SitRep N22/MVB_05/06/2026,2026-06-05,Cumulative confirmed cases from N22; Autres ZS stored separately.
2026-06-05,2026-06,Ituri,Komanda,i2mtQy4nTmD,3,,1.1261791000000585,29.62557262065517,SitRep N22/MVB_05/06/2026,2026-06-05,Cumulative confirmed cases from N22; Autres ZS stored separately.
2026-06-05,2026-06,Ituri,Lita,xGWcGHazqtw,4,,1.588332974500048,30.38710948970807,SitRep N22/MVB_05/06/2026,2026-06-05,Cumulative confirmed cases from N22; Autres ZS stored separately.
2026-06-05,2026-06,Ituri,Logo,qqGoQGSp1Dw,2,,2.155727226000039,30.877556277526388,SitRep N22/MVB_05/06/2026,2026-06-05,Cumulative confirmed cases from N22; Autres ZS stored separately.
2026-06-05,2026-06,Nord-Kivu,Katwa,woJBeEpIZdy,11,,0.1198993135112445,29.32416416638681,SitRep N22/MVB_05/06/2026,2026-06-05,Cumulative confirmed cases from N22; Autres ZS stored separately.
2026-06-05,2026-06,Nord-Kivu,Beni,msg2MyMGhKv,5,,0.493171248666955,29.51358389763662,SitRep N22/MVB_05/06/2026,2026-06-05,Cumulative confirmed cases from N22; Autres ZS stored separately.
2026-06-05,2026-06,Nord-Kivu,Butembo,foR0DRLqtdJ,4,,0.1465342500003714,29.251277502423125,SitRep N22/MVB_05/06/2026,2026-06-05,Cumulative confirmed cases from N22; Autres ZS stored separately.
2026-06-05,2026-06,Nord-Kivu,Oicha,zOOAshOz4Cz,2,,0.7639879778753311,29.54704482375912,SitRep N22/MVB_05/06/2026,2026-06-05,Cumulative confirmed cases from N22; Autres ZS stored separately.
2026-06-05,2026-06,Nord-Kivu,Kalunguta,XoJ3dLz68aj,1,,0.3266166500000906,29.34622252068664,SitRep N22/MVB_05/06/2026,2026-06-05,Cumulative confirmed cases from N22; Autres ZS stored separately.
2026-06-05,2026-06,Nord-Kivu,Kyondo,amGiV9h9C2I,1,,0.0132661619471709,29.50420270117476,SitRep N22/MVB_05/06/2026,2026-06-05,Cumulative confirmed cases from N22; Autres ZS stored separately.
2026-06-05,2026-06,Nord-Kivu,Goma,t8tjGKVhkl3,1,,-1.6528676989999551,29.17826328304752,SitRep N22/MVB_05/06/2026,2026-06-05,Cumulative confirmed cases from N22; Autres ZS stored separately.
2026-06-05,2026-06,Sud-Kivu,Miti-Murhesa,cXkCT53xxfk,3,,-2.39067,28.72098,SitRep N22/MVB_05/06/2026,2026-06-05,Cumulative confirmed cases from N22; Autres ZS stored separately.
2026-06-06,2026-06,Ituri,Bunia,GPi6i83o7l6,142,14,1.607713140500067,30.282078091482003,SitRep N23/MVB_06/06/2026,2026-06-06,Cumulative confirmed cases from N23; Autres ZS stored separately.
2026-06-06,2026-06,Ituri,Rwampara,vPxN2nZnBXK,98,19,1.5710652340000308,30.08327315923981,SitRep N23/MVB_06/06/2026,2026-06-06,Cumulative confirmed cases from N23; Autres ZS stored separately.
2026-06-06,2026-06,Ituri,Mongbwalu,nv8tx681Gjd,92,25,2.120204140000084,29.46395014319073,SitRep N23/MVB_06/06/2026,2026-06-06,Cumulative confirmed cases from N23; Autres ZS stored separately.
2026-06-06,2026-06,Ituri,Nyankunde,mGTaa8TFifO,24,1,1.4866449679154434,29.933917392135683,SitRep N23/MVB_06/06/2026,2026-06-06,Cumulative confirmed cases from N23; Autres ZS stored separately.
2026-06-06,2026-06,Ituri,Rimba,a2aJcbwnjoK,3,0,2.2214134000000456,30.706000954123333,SitRep N23/MVB_06/06/2026,2026-06-06,Cumulative confirmed cases from N23; Autres ZS stored separately.
2026-06-06,2026-06,Ituri,Mambasa,RjHZChl5gJQ,2,1,1.4290391459577108,28.62314089055854,SitRep N23/MVB_06/06/2026,2026-06-06,Cumulative confirmed cases from N23; Autres ZS stored separately.
2026-06-06,2026-06,Ituri,Bambu,Uc3GqWS8C0w,5,2,1.8633970955000336,30.20627592724413,SitRep N23/MVB_06/06/2026,2026-06-06,Cumulative confirmed cases from N23; Autres ZS stored separately.
2026-06-06,2026-06,Ituri,Aru,v8PqffapuVl,3,1,2.859042986322321,30.833681049566664,SitRep N23/MVB_06/06/2026,2026-06-06,Cumulative confirmed cases from N23; Autres ZS stored separately.
2026-06-06,2026-06,Ituri,Damas,ApdB8z3Wrxt,3,0,2.1976361605001387,30.229346408586437,SitRep N23/MVB_06/06/2026,2026-06-06,Cumulative confirmed cases from N23; Autres ZS stored separately.
2026-06-06,2026-06,Ituri,Kilo,sbyWSsdZ3tj,4,1,1.7598275375000298,30.080701985660504,SitRep N23/MVB_06/06/2026,2026-06-06,Cumulative confirmed cases from N23; Autres ZS stored separately.
2026-06-06,2026-06,Ituri,Nizi,TCE5waEW7Fi,5,0,1.7491092545000129,30.29386589242562,SitRep N23/MVB_06/06/2026,2026-06-06,Cumulative confirmed cases from N23; Autres ZS stored separately.
2026-06-06,2026-06,Ituri,Mangala,,1,0,,,SitRep N23/MVB_06/06/2026,2026-06-06,Cumulative confirmed cases from N23; Autres ZS stored separately.
2026-06-06,2026-06,Ituri,Aungba,DFcltLEKLxj,1,0,2.5670708830760702,30.592536320311343,SitRep N23/MVB_06/06/2026,2026-06-06,Cumulative confirmed cases from N23; Autres ZS stored separately.
2026-06-06,2026-06,Ituri,Gety,X8zFJ7DJlRD,1,0,1.253148786140514,30.189368117956285,SitRep N23/MVB_06/06/2026,2026-06-06,Cumulative confirmed cases from N23; Autres ZS stored separately.
2026-06-06,2026-06,Ituri,Komanda,i2mtQy4nTmD,3,0,1.1261791000000585,29.62557262065517,SitRep N23/MVB_06/06/2026,2026-06-06,Cumulative confirmed cases from N23; Autres ZS stored separately.
2026-06-06,2026-06,Ituri,Lita,xGWcGHazqtw,4,0,1.588332974500048,30.38710948970807,SitRep N23/MVB_06/06/2026,2026-06-06,Cumulative confirmed cases from N23; Autres ZS stored separately.
2026-06-06,2026-06,Ituri,Logo,qqGoQGSp1Dw,2,0,2.155727226000039,30.877556277526388,SitRep N23/MVB_06/06/2026,2026-06-06,Cumulative confirmed cases from N23; Autres ZS stored separately.
2026-06-06,2026-06,Nord-Kivu,Katwa,woJBeEpIZdy,11,8,0.1198993135112445,29.32416416638681,SitRep N23/MVB_06/06/2026,2026-06-06,Cumulative confirmed cases from N23; Autres ZS stored separately.
2026-06-06,2026-06,Nord-Kivu,Beni,msg2MyMGhKv,5,3,0.493171248666955,29.51358389763662,SitRep N23/MVB_06/06/2026,2026-06-06,Cumulative confirmed cases from N23; Autres ZS stored separately.
2026-06-06,2026-06,Nord-Kivu,Butembo,foR0DRLqtdJ,4,2,0.1465342500003714,29.251277502423125,SitRep N23/MVB_06/06/2026,2026-06-06,Cumulative confirmed cases from N23; Autres ZS stored separately.
2026-06-06,2026-06,Nord-Kivu,Oicha,zOOAshOz4Cz,2,2,0.7639879778753311,29.54704482375912,SitRep N23/MVB_06/06/2026,2026-06-06,Cumulative confirmed cases from N23; Autres ZS stored separately.
2026-06-06,2026-06,Nord-Kivu,Kalunguta,XoJ3dLz68aj,1,1,0.3266166500000906,29.34622252068664,SitRep N23/MVB_06/06/2026,2026-06-06,Cumulative confirmed cases from N23; Autres ZS stored separately.
2026-06-06,2026-06,Nord-Kivu,Kyondo,amGiV9h9C2I,1,0,0.0132661619471709,29.50420270117476,SitRep N23/MVB_06/06/2026,2026-06-06,Cumulative confirmed cases from N23; Autres ZS stored separately.
2026-06-06,2026-06,Nord-Kivu,Goma,t8tjGKVhkl3,1,0,-1.6528676989999551,29.17826328304752,SitRep N23/MVB_06/06/2026,2026-06-06,Cumulative confirmed cases from N23; Autres ZS stored separately.
2026-06-06,2026-06,Sud-Kivu,Miti-Murhesa,cXkCT53xxfk,3,1,-2.39067,28.72098,SitRep N23/MVB_06/06/2026,2026-06-06,Cumulative confirmed cases from N23; Autres ZS stored separately.
2026-06-07,2026-06,Ituri,Bunia,GPi6i83o7l6,152,15,1.607713140500067,30.282078091482003,SitRep N24/MVB_07/06/2026,2026-06-07,Cumulative confirmed cases from N24; Autres ZS stored separately.
2026-06-07,2026-06,Ituri,Rwampara,vPxN2nZnBXK,111,20,1.5710652340000308,30.08327315923981,SitRep N24/MVB_07/06/2026,2026-06-07,Cumulative confirmed cases from N24; Autres ZS stored separately.
2026-06-07,2026-06,Ituri,Mongbwalu,nv8tx681Gjd,98,29,2.120204140000084,29.46395014319073,SitRep N24/MVB_07/06/2026,2026-06-07,Cumulative confirmed cases from N24; Autres ZS stored separately.
2026-06-07,2026-06,Ituri,Nyankunde,mGTaa8TFifO,26,1,1.4866449679154434,29.933917392135683,SitRep N24/MVB_07/06/2026,2026-06-07,Cumulative confirmed cases from N24; Autres ZS stored separately.
2026-06-07,2026-06,Ituri,Bambu,Uc3GqWS8C0w,5,2,1.8633970955000336,30.20627592724413,SitRep N24/MVB_07/06/2026,2026-06-07,Cumulative confirmed cases from N24; Autres ZS stored separately.
2026-06-07,2026-06,Ituri,Aru,v8PqffapuVl,3,1,2.859042986322321,30.833681049566664,SitRep N24/MVB_07/06/2026,2026-06-07,Cumulative confirmed cases from N24; Autres ZS stored separately.
2026-06-07,2026-06,Ituri,Kilo,sbyWSsdZ3tj,4,1,1.7598275375000298,30.080701985660504,SitRep N24/MVB_07/06/2026,2026-06-07,Cumulative confirmed cases from N24; Autres ZS stored separately.
2026-06-07,2026-06,Ituri,Nizi,TCE5waEW7Fi,5,0,1.7491092545000129,30.29386589242562,SitRep N24/MVB_07/06/2026,2026-06-07,Cumulative confirmed cases from N24; Autres ZS stored separately.
2026-06-07,2026-06,Ituri,Mangala,,1,0,,,SitRep N24/MVB_07/06/2026,2026-06-07,Cumulative confirmed cases from N24; Autres ZS stored separately.
2026-06-07,2026-06,Ituri,Damas,ApdB8z3Wrxt,3,0,2.1976361605001387,30.229346408586437,SitRep N24/MVB_07/06/2026,2026-06-07,Cumulative confirmed cases from N24; Autres ZS stored separately.
2026-06-07,2026-06,Ituri,Aungba,DFcltLEKLxj,1,0,2.5670708830760702,30.592536320311343,SitRep N24/MVB_07/06/2026,2026-06-07,Cumulative confirmed cases from N24; Autres ZS stored separately.
2026-06-07,2026-06,Ituri,Gety,X8zFJ7DJlRD,1,0,1.253148786140514,30.189368117956285,SitRep N24/MVB_07/06/2026,2026-06-07,Cumulative confirmed cases from N24; Autres ZS stored separately.
2026-06-07,2026-06,Ituri,Komanda,i2mtQy4nTmD,3,0,1.1261791000000585,29.62557262065517,SitRep N24/MVB_07/06/2026,2026-06-07,Cumulative confirmed cases from N24; Autres ZS stored separately.
2026-06-07,2026-06,Ituri,Lita,xGWcGHazqtw,4,0,1.588332974500048,30.38710948970807,SitRep N24/MVB_07/06/2026,2026-06-07,Cumulative confirmed cases from N24; Autres ZS stored separately.
2026-06-07,2026-06,Ituri,Logo,qqGoQGSp1Dw,2,0,2.155727226000039,30.877556277526388,SitRep N24/MVB_07/06/2026,2026-06-07,Cumulative confirmed cases from N24; Autres ZS stored separately.
2026-06-07,2026-06,Ituri,Mambasa,RjHZChl5gJQ,2,1,1.4290391459577108,28.62314089055854,SitRep N24/MVB_07/06/2026,2026-06-07,Cumulative confirmed cases from N24; Autres ZS stored separately.
2026-06-07,2026-06,Ituri,Rimba,a2aJcbwnjoK,3,0,2.2214134000000456,30.706000954123333,SitRep N24/MVB_07/06/2026,2026-06-07,Cumulative confirmed cases from N24; Autres ZS stored separately.
2026-06-07,2026-06,Nord-Kivu,Katwa,woJBeEpIZdy,11,8,0.1198993135112445,29.32416416638681,SitRep N24/MVB_07/06/2026,2026-06-07,Cumulative confirmed cases from N24; Autres ZS stored separately.
2026-06-07,2026-06,Nord-Kivu,Beni,msg2MyMGhKv,9,7,0.493171248666955,29.51358389763662,SitRep N24/MVB_07/06/2026,2026-06-07,Cumulative confirmed cases from N24; Autres ZS stored separately.
2026-06-07,2026-06,Nord-Kivu,Butembo,foR0DRLqtdJ,4,2,0.1465342500003714,29.251277502423125,SitRep N24/MVB_07/06/2026,2026-06-07,Cumulative confirmed cases from N24; Autres ZS stored separately.
2026-06-07,2026-06,Nord-Kivu,Oicha,zOOAshOz4Cz,2,2,0.7639879778753311,29.54704482375912,SitRep N24/MVB_07/06/2026,2026-06-07,Cumulative confirmed cases from N24; Autres ZS stored separately.
2026-06-07,2026-06,Nord-Kivu,Kalunguta,XoJ3dLz68aj,1,1,0.3266166500000906,29.34622252068664,SitRep N24/MVB_07/06/2026,2026-06-07,Cumulative confirmed cases from N24; Autres ZS stored separately.
2026-06-07,2026-06,Nord-Kivu,Kyondo,amGiV9h9C2I,1,0,0.0132661619471709,29.50420270117476,SitRep N24/MVB_07/06/2026,2026-06-07,Cumulative confirmed cases from N24; Autres ZS stored separately.
2026-06-07,2026-06,Nord-Kivu,Goma,t8tjGKVhkl3,1,0,-1.6528676989999551,29.17826328304752,SitRep N24/MVB_07/06/2026,2026-06-07,Cumulative confirmed cases from N24; Autres ZS stored separately.
2026-06-07,2026-06,Sud-Kivu,Miti-Murhesa,cXkCT53xxfk,3,1,-2.39067,28.72098,SitRep N24/MVB_07/06/2026,2026-06-07,Cumulative confirmed cases from N24; Autres ZS stored separately.
2026-06-08,2026-06,Ituri,Bunia,GPi6i83o7l6,163,15,1.607713140500067,30.282078091482003,SitRep N25/MVB_08/06/2026,2026-06-08,Cumulative confirmed cases from N25; Autres ZS stored separately.
2026-06-08,2026-06,Ituri,Rwampara,vPxN2nZnBXK,122,20,1.5710652340000308,30.08327315923981,SitRep N25/MVB_08/06/2026,2026-06-08,Cumulative confirmed cases from N25; Autres ZS stored separately.
2026-06-08,2026-06,Ituri,Mongbwalu,nv8tx681Gjd,114,40,2.120204140000084,29.46395014319073,SitRep N25/MVB_08/06/2026,2026-06-08,Cumulative confirmed cases from N25; Autres ZS stored separately.
2026-06-08,2026-06,Ituri,Nyankunde,mGTaa8TFifO,32,1,1.4866449679154434,29.933917392135683,SitRep N25/MVB_08/06/2026,2026-06-08,Cumulative confirmed cases from N25; Autres ZS stored separately.
2026-06-08,2026-06,Ituri,Rimba,a2aJcbwnjoK,3,0,2.2214134000000456,30.706000954123333,SitRep N25/MVB_08/06/2026,2026-06-08,Cumulative confirmed cases from N25; Autres ZS stored separately.
2026-06-08,2026-06,Ituri,Mambasa,RjHZChl5gJQ,2,1,1.4290391459577108,28.62314089055854,SitRep N25/MVB_08/06/2026,2026-06-08,Cumulative confirmed cases from N25; Autres ZS stored separately.
2026-06-08,2026-06,Ituri,Bambu,Uc3GqWS8C0w,5,2,1.8633970955000336,30.20627592724413,SitRep N25/MVB_08/06/2026,2026-06-08,Cumulative confirmed cases from N25; Autres ZS stored separately.
2026-06-08,2026-06,Ituri,Aru,v8PqffapuVl,3,1,2.859042986322321,30.833681049566664,SitRep N25/MVB_08/06/2026,2026-06-08,Cumulative confirmed cases from N25; Autres ZS stored separately.
2026-06-08,2026-06,Ituri,Damas,ApdB8z3Wrxt,3,0,2.1976361605001387,30.229346408586437,SitRep N25/MVB_08/06/2026,2026-06-08,Cumulative confirmed cases from N25; Autres ZS stored separately.
2026-06-08,2026-06,Ituri,Kilo,sbyWSsdZ3tj,4,1,1.7598275375000298,30.080701985660504,SitRep N25/MVB_08/06/2026,2026-06-08,Cumulative confirmed cases from N25; Autres ZS stored separately.
2026-06-08,2026-06,Ituri,Nizi,TCE5waEW7Fi,5,0,1.7491092545000129,30.29386589242562,SitRep N25/MVB_08/06/2026,2026-06-08,Cumulative confirmed cases from N25; Autres ZS stored separately.
2026-06-08,2026-06,Ituri,Mangala,,1,0,,,SitRep N25/MVB_08/06/2026,2026-06-08,Cumulative confirmed cases from N25; Autres ZS stored separately.
2026-06-08,2026-06,Ituri,Aungba,DFcltLEKLxj,2,1,2.5670708830760702,30.592536320311343,SitRep N25/MVB_08/06/2026,2026-06-08,Cumulative confirmed cases from N25; Autres ZS stored separately.
2026-06-08,2026-06,Ituri,Gety,X8zFJ7DJlRD,1,0,1.253148786140514,30.189368117956285,SitRep N25/MVB_08/06/2026,2026-06-08,Cumulative confirmed cases from N25; Autres ZS stored separately.
2026-06-08,2026-06,Ituri,Komanda,i2mtQy4nTmD,3,0,1.1261791000000585,29.62557262065517,SitRep N25/MVB_08/06/2026,2026-06-08,Cumulative confirmed cases from N25; Autres ZS stored separately.
2026-06-08,2026-06,Ituri,Lita,xGWcGHazqtw,4,0,1.588332974500048,30.38710948970807,SitRep N25/MVB_08/06/2026,2026-06-08,Cumulative confirmed cases from N25; Autres ZS stored separately.
2026-06-08,2026-06,Ituri,Logo,qqGoQGSp1Dw,2,0,2.155727226000039,30.877556277526388,SitRep N25/MVB_08/06/2026,2026-06-08,Cumulative confirmed cases from N25; Autres ZS stored separately.
2026-06-08,2026-06,Nord-Kivu,Katwa,woJBeEpIZdy,12,8,0.1198993135112445,29.32416416638681,SitRep N25/MVB_08/06/2026,2026-06-08,Cumulative confirmed cases from N25; Autres ZS stored separately.
2026-06-08,2026-06,Nord-Kivu,Beni,msg2MyMGhKv,9,7,0.493171248666955,29.51358389763662,SitRep N25/MVB_08/06/2026,2026-06-08,Cumulative confirmed cases from N25; Autres ZS stored separately.
2026-06-08,2026-06,Nord-Kivu,Butembo,foR0DRLqtdJ,6,4,0.1465342500003714,29.251277502423125,SitRep N25/MVB_08/06/2026,2026-06-08,Cumulative confirmed cases from N25; Autres ZS stored separately.
2026-06-08,2026-06,Nord-Kivu,Oicha,zOOAshOz4Cz,2,2,0.7639879778753311,29.54704482375912,SitRep N25/MVB_08/06/2026,2026-06-08,Cumulative confirmed cases from N25; Autres ZS stored separately.
2026-06-08,2026-06,Nord-Kivu,Kalunguta,XoJ3dLz68aj,1,1,0.3266166500000906,29.34622252068664,SitRep N25/MVB_08/06/2026,2026-06-08,Cumulative confirmed cases from N25; Autres ZS stored separately.
2026-06-08,2026-06,Nord-Kivu,Kyondo,amGiV9h9C2I,1,0,0.0132661619471709,29.50420270117476,SitRep N25/MVB_08/06/2026,2026-06-08,Cumulative confirmed cases from N25; Autres ZS stored separately.
2026-06-08,2026-06,Nord-Kivu,Goma,t8tjGKVhkl3,1,0,-1.6528676989999551,29.17826328304752,SitRep N25/MVB_08/06/2026,2026-06-08,Cumulative confirmed cases from N25; Autres ZS stored separately.
2026-06-08,2026-06,Sud-Kivu,Miti-Murhesa,cXkCT53xxfk,3,1,-2.39067,28.72098,SitRep N25/MVB_08/06/2026,2026-06-08,Cumulative confirmed cases from N25; Autres ZS stored separately.
